,Data,Hora,OP3.1.1 I (A),OP3.1.2 I (A),OP3.1.3 I (A),OP3.1.4 I (A),OP3.1.5 I (A),OP3.1.6 I (A),OP3.1.7 I (A),OP3.1.8 I (A),OP3.1.9 I (A),OP3.1.10 I (A),OP3.1.11 I (A),OP3.1.12 I (A),OP3.1.13 I (A),OP3.1.14 I (A),OP3.1.15 I (A),OP3.1.16 I (A),OP3.2.1 I (A),OP3.2.3 I (A),OP3.2.4 I (A),OP3.2.5 I (A),OP3.2.7 I (A),OP3.2.8 I (A),OP3.2.9 I (A),OP3.2.10 I (A),OP3.2.12 I (A),OP3.2.13 I (A),OP3.2.14 I (A),OP3.2.15 I (A),OP3.2.16 I (A),OP3.3.1 I (A),OP3.3.2 I (A),OP3.3.3 I (A),OP3.3.4 I (A),OP3.3.6 I (A),OP3.3.7 I (A),OP3.3.8 I (A),OP3.3.9 I (A),OP3.3.10 I (A),OP3.3.11 I (A),OP3.3.12 I (A),OP3.3.13 I (A),OP3.3.14 I (A),OP3.3.15 I (A),OP3.3.16 I (A),OP3.4.1 I (A),OP3.4.2 I (A),OP3.4.3 I (A),OP3.4.4 I (A),OP3.4.5 I (A),OP3.4.6 I (A),OP3.4.7 I (A),OP3.4.8 I (A),OP3.4.9 I (A),OP3.4.10 I (A),OP3.4.11 I (A),OP3.4.12 I (A),OP3.4.13 I (A),OP3.4.14 I (A),OP3.4.15 I (A),OP3.4.16 I (A),OP3.5.1 I (A),OP3.5.2 I (A),OP3.5.3 I (A),OP3.5.4 I (A),OP3.5.6 I (A),OP3.5.7 I (A),OP3.5.8 I (A),OP3.5.9 I (A),OP3.5.10 I (A),OP3.5.11 I (A),OP3.5.12 I (A),OP3.5.14 I (A),OP3.5.15 I (A),OP3.6.1 I (A),OP3.6.2 I (A),OP3.6.3 I (A),OP3.6.4 I (A),OP3.6.5 I (A),OP3.6.6 I (A),OP3.6.7 I (A),OP3.6.8 I (A),OP3.6.9 I (A),OP3.6.10 I (A),OP3.6.11 I (A),OP3.6.13 I (A),OP3.6.14 I (A),OP3.6.15 I (A),OP3.6.16 I (A),OP3.7.1 I (A),OP3.7.2 I (A),OP3.7.3 I (A),OP3.7.4 I (A),OP3.7.5 I (A),OP3.7.6 I (A),OP3.7.7 I (A),OP3.7.8 I (A),OP3.7.9 I (A),OP3.7.10 I (A),OP3.7.11 I (A),OP3.7.12 I (A),OP3.7.13 I (A),OP3.7.14 I (A),OP3.7.15 I (A),OP3.7.16 I (A),OP3.8.1 I (A),OP3.8.3 I (A),OP3.8.4 I (A),OP3.8.5 I (A),OP3.8.6 I (A),OP3.8.7 I (A),OP3.8.8 I (A),OP3.8.9 I (A),OP3.8.10 I (A),OP3.8.11 I (A),OP3.8.12 I (A),OP3.8.13 I (A),OP3.8.14 I (A),OP3.8.15 I (A),OP3.8.16 I (A)
0,2021-04-28,06:00:00,0.0,0.0,0.0,0.0,0.0,0.0,0.0,0.0,0.0,0.0,0.0,0.0,0.0,0.0,0.0,0.0,0.0,0.0,0.0,0.0,0.0,0.0,0.0,0.0,0.0,0.0,0.0,0.0,0.0,0.0,0.0,0.0,0.0,0.0,0.0,0.0,0.0,0.0,0.0,0.0,0.0,0.0,0.0,0.0,0.0,0.0,0.0,0.0,0.0,0.0,0.0,0.0,0.0,0.0,0.0,0.0,0.0,0.0,0.0,0.0,0.0,0.0,0.0,0.0,0.0,0.0,0.0,0.0,0.0,0.0,0.0,0.0,0.0,0.0,0.0,0.0,0.0,0.0,0.0,0.0,0.0,0.0,0.0,0.0,0.0,0.0,0.0,0.0,0.0,0.0,0.0,0.0,0.0,0.0,0.0,0.0,0.0,0.0,0.0,0.0,0.0,0.0,0.0,0.0,0.0,0.0,0.0,0.0,0.0,0.0,0.0,0.0,0.0,0.0,0.0,0.0,0.0,0.0,0.0
1,2021-04-28,06:15:00,0.022933333333333333,0.1125,0.0,0.11875,0.031266666666666665,0.024225000000000003,0.0594,0.0344,0.1063,0.07815,0.09065000000000001,0.1063,0.075,0.1375,0.05416666666666666,0.09065000000000001,0.037500000000000006,0.11565,0.059375,0.004166666666666667,0.08961111111111111,0.1063,0.0688,0.1562,0.00624,0.0140625,0.07189999999999999,0.0,0.0469,0.09065000000000001,0.0375,0.025,0.125,0.07815,0.0542,0.1,0.07815,0.0844,0.14375,0.1063,0.10314999999999999,0.09062500000000001,0.06875,0.07815,0.03035714285714286,0.03661428571428571,0.1594,0.0161,0.0625,0.13125,0.1125,0.0688,0.0969,0.023475,0.1406,0.06875,0.19065,0.021887500000000004,0.10315,0.0125,0.09065000000000001,0.13125,0.06565,0.1375,0.0938,0.07815,0.06565,0.0,0.0,0.05625,0.1094,0.04793333333333333,0.040650000000000006,0.1,0.0469,0.07500000000000001,0.0844,0.0320375,0.043055555555555555,0.0875,0.0375,0.0938,0.12505,0.025,0.16875,0.0125,0.11565,0.04097777777777778,0.09583333333333333,0.047933333333333335,0.15315,0.0375,0.005357142857142857,0.12085555555555556,0.03482857142857143,0.0938,0.0406,0.0813,0.075,0.125,0.00813,0.08755,0.04,0.06805555555555556,0.03376,0.0375,0.0,0.0625,0.056249999999999994,0.11249999999999999,0.07189999999999999,0.056249999999999994,0.12815,0.1125,0.041666666666666664,0.020858333333333336,0.07395,0.0375,0.0938
2,2021-04-28,06:30:00,0.1042,0.1844,0.14845,0.254675,0.17706666666666668,0.1562,0.17815,0.176575,0.23749999999999996,0.1625,0.22293333333333334,0.2156,0.1396,0.25630000000000003,0.16875,0.12190000000000001,0.125,0.19375,0.1375,0.09065000000000001,0.1896,0.21876666666666666,0.1797,0.21456666666666668,0.19065,0.16666666666666666,0.16565,0.08126666666666667,0.15623333333333334,0.17815,0.09999999999999999,0.13959999999999997,0.17815,0.16046666666666667,0.1375,0.2,0.19793333333333332,0.15315,0.25,0.16875,0.2156,0.22083333333333333,0.1563,0.16040000000000001,0.178125,0.21043333333333333,0.2604666666666667,0.19166666666666665,0.1479,0.19166666666666665,0.15,0.18125000000000002,0.21043333333333333,0.1396,0.21666666666666667,0.17815,0.27086666666666664,0.2031,0.3104,0.13333333333333333,0.18123333333333336,0.21253333333333332,0.21565,0.2396,0.19793333333333332,0.16875,0.1646,0.14065,0.21459999999999999,0.1396,0.25416666666666665,0.16873333333333332,0.1937333333333333,0.1562,0.1542,0.21043333333333333,0.17815,0.19065,0.22916666666666666,0.22190000000000001,0.118775,0.19065,0.2041666666666667,0.1937333333333333,0.28543333333333337,0.1792,0.20210000000000003,0.2417,0.22296666666666667,0.17500000000000002,0.2396,0.13440000000000002,0.1797,0.2354333333333333,0.20833333333333334,0.176575,0.0875,0.131275,0.1791666666666667,0.2156,0.14376666666666668,0.20833333333333334,0.22812500000000002,0.23123333333333332,0.18543333333333334,0.137525,0.11043333333333333,0.1125,0.14379999999999998,0.20210000000000003,0.15836666666666668,0.09375,0.1979,0.196875,0.13333333333333333,0.1812666666666667,0.225,0.11253333333333333,0.16043333333333334
3,2021-04-28,06:45:00,0.20000000000000004,0.29059999999999997,0.2812,0.8,0.6219,0.329675,0.7125333333333334,0.6219,0.60625,0.6646,0.725,0.69065,0.7271000000000001,0.7541666666666668,0.30157500000000004,0.265625,0.2604,0.651575,0.5,0.5922000000000001,0.69845,0.7146,0.6667,0.6521,0.63125,0.6958666666666667,0.6708333333333334,0.2396,0.3083333333333333,0.2672,0.19583333333333333,0.5854333333333334,0.7041666666666667,0.6938,0.6969,0.7343999999999999,0.6812333333333332,0.593775,0.7563,0.6812333333333332,0.589075,0.6656,0.2656,0.25005,0.6166666666666667,0.6937666666666665,0.5917,0.6833333333333335,0.6958666666666667,0.32189999999999996,0.27709999999999996,0.33546666666666664,0.3562666666666667,0.28336666666666666,0.7645666666666666,0.72185,0.8083666666666667,0.6791666666666667,0.7479333333333334,0.6875333333333332,0.7437666666666667,0.7792,0.4125,0.7375,0.6896,0.31460000000000005,0.31043333333333334,0.29793333333333333,0.36669999999999997,0.6417,0.675,0.6667,0.7333666666666666,0.681275,0.6958333333333333,0.9125,0.7771,0.6916666666666668,0.77815,0.33126666666666665,0.2729333333333333,0.3104,0.34170000000000006,0.6687666666666666,0.7521,0.6104333333333334,0.7270666666666666,0.7292000000000001,0.69065,0.7416666666666667,0.8104333333333334,0.6458333333333334,0.8250333333333334,0.7854333333333333,0.3333333333333333,0.31875,0.23539999999999997,0.2625,0.6542,0.73125,0.5770666666666666,0.6124999999999999,0.7125,0.6833,0.4188,0.38125,0.32815,0.3141,0.35000000000000003,0.4521,0.3729,0.29793333333333333,0.4229333333333334,0.38749999999999996,0.32916666666666666,0.4146,0.45004999999999995,0.33285,0.36456666666666665
4,2021-04-28,07:00:00,0.2469,0.33440000000000003,0.35314999999999996,1.1083333333333334,1.04535,0.9729666666666666,1.14065,1.0625333333333333,1.1219,1.0625,1.145325,1.0333333333333334,1.10005,1.1208666666666667,0.7375333333333334,0.6333666666666667,0.32706666666666667,1.1271000000000002,1.0734249999999999,1.07815,1.2188,1.1875,1.1063,1.1813,1.14535,0.98125,1.1562,0.5979333333333333,0.6396000000000001,0.3469,0.2438,1.1281500000000002,1.1479333333333333,0.9719,1.1531500000000001,1.125,1.1062666666666667,1.24065,1.13755,0.96875,1.1375,1.090625,0.6187666666666667,0.46249999999999997,1.0093999999999999,1.0208333333333333,1.2896,1.1541666666666668,1.125,0.4187666666666667,0.33755,0.3906,0.4937666666666667,0.3875,1.0719,1.2104,1.2187666666666666,1.183366666666667,1.2896,1.1812666666666667,1.1833666666666665,1.2354333333333334,1.1937666666666666,1.05625,1.2562666666666666,0.4,0.46565,0.4458666666666667,0.4542,1.1312666666666666,1.30315,0.96875,1.1666666666666667,1.1312666666666666,1.4188,1.2354333333333332,1.2437666666666667,1.1167,1.193775,0.4146,0.3416666666666666,0.39999999999999997,0.4166666666666667,1.3094000000000001,1.27505,1.07815,1.3469,1.12815,1.07815,1.1812666666666667,1.2853999999999999,0.9125,1.3541999999999998,1.3333333333333333,0.43125,0.3833333333333333,0.29793333333333333,0.32189999999999996,1.1063,1.1333666666666666,1.0771333333333335,1.1812500000000001,1.0375,1.2125333333333332,0.7208333333333333,0.640675,0.5844,0.6594,0.55625,0.7000333333333334,0.6,0.65785,0.7469,0.6562666666666667,0.6437666666666667,0.7250333333333333,0.71875,0.6187666666666667,0.7125333333333334
5,2021-04-28,07:15:00,0.32655,0.3729,0.4313,1.6396,1.6104666666666665,1.32505,1.2916999999999998,1.45315,1.575033333333333,1.4771,1.55315,1.4896333333333331,1.4125333333333334,1.6313000000000002,0.77815,0.8542000000000001,0.375,1.4187666666666665,1.4687999999999999,1.5437750000000001,1.5396,1.6146333333333331,1.3479333333333334,1.5333666666666668,1.40005,1.229725,1.366666666666667,0.8521000000000001,0.7719,0.39685,0.3208666666666667,1.59375,1.4479666666666666,1.44065,1.65785,1.5687666666666666,1.4979666666666667,1.13125,1.493775,1.3484500000000001,1.3219,1.4479333333333333,0.8312666666666667,0.8020999999999999,1.5042,1.6937999999999998,1.5646000000000002,1.5250333333333332,1.3667,1.1458666666666666,0.3937333333333333,1.2521,1.3479333333333334,1.07505,1.44065,1.6417000000000002,1.6875499999999999,1.4250333333333334,1.7125333333333332,1.35625,1.3219,1.773425,1.3854333333333333,1.80005,1.4396333333333333,1.0708666666666666,1.52185,1.3469,1.1104666666666667,1.3104333333333333,1.6333333333333335,1.4468999999999999,1.6188,1.6417,1.6854333333333333,1.4271,1.4969000000000001,1.55315,1.61565,1.4937666666666667,1.3854666666666666,1.3729333333333333,1.0104333333333333,1.3437999999999999,1.2333666666666667,1.3750333333333333,1.6250333333333333,1.5547,1.6354333333333333,1.5812666666666668,1.6375,1.6917,1.7438,1.8042,1.1104333333333334,1.1344,0.34685,0.40625,1.3562666666666665,1.3770666666666667,1.3562666666666665,1.62815,1.3666666666666665,1.2479666666666667,0.85625,1.0312666666666666,0.9797,0.95625,1.1312666666666666,1.0687666666666666,0.9375,0.86875,1.0416666666666667,0.9292000000000001,0.8625,0.8344,1.0562666666666667,0.9604333333333334,1.0083666666666666
6,2021-04-28,07:30:00,0.47293333333333337,0.5104666666666666,2.01565,1.8000500000000001,2.3125,1.9333333333333333,1.865625,1.6562666666666666,2.21565,2.275,2.2688,2.1344,1.9468750000000001,1.86565,1.21095,0.96875,0.55005,2.2020666666666666,2.0343999999999998,1.7625,1.7765499999999999,2.2469,1.9812750000000001,1.63125,1.7604333333333333,2.008366666666667,2.13125,1.2375,1.2969,0.5188,0.525,1.8604333333333332,1.8229,2.2719,1.5188,2.1521,2.0312666666666668,2.07815,1.85625,1.9479333333333333,1.6594,1.8979333333333333,1.375,1.1041999999999998,1.73125,2.283333333333333,2.56875,2.15315,2.0708333333333333,2.000033333333333,0.5583666666666667,2.2729333333333335,2.29685,1.9521,2.17815,1.6292,2.068766666666667,2.0083333333333333,2.043766666666667,1.8000500000000001,2.2146,2.3875,1.972933333333333,2.1375,2.31875,1.6062666666666665,2.375,1.8416666666666668,1.9896,2.06875,2.4625,1.9208333333333332,1.8208666666666666,2.2719,2.1562333333333332,2.2,2.0104333333333333,2.2218999999999998,2.2396,2.42815,1.8708333333333333,2.2979333333333334,2.1250333333333336,2.097933333333333,2.129166666666667,1.9187666666666665,2.2229666666666668,2.0917,2.1688,2.0500333333333334,2.1729333333333334,2.2521,1.9521,1.9958666666666665,2.066666666666667,2.3896,0.5344,0.56565,2.00625,2.0844,2.006266666666667,2.0062333333333333,1.9917,1.9781499999999999,1.4813,1.4562666666666668,1.5375,1.4281,1.225,1.5000499999999999,1.37815,1.5047000000000001,1.3218999999999999,1.4,1.368775,1.49065,1.4813,1.2,1.5812666666666668
7,2021-04-28,07:45:00,0.84375,0.837525,1.99375,3.0187333333333335,3.0041333333333333,2.9188,2.92815,2.960433333333333,2.6125,2.4813,3.2437333333333336,2.85,2.875,3.0729666666666664,1.7625,1.82035,0.789075,2.95,2.8719,3.220866666666667,3.1938,2.4896,2.8937666666666666,3.0792,2.7469,3.1187333333333336,2.5333333333333337,1.7313,1.6646,0.898425,0.8271000000000001,2.5229333333333335,3.0187666666666666,2.5671999999999997,3.318766666666667,2.9667,2.76255,2.98125,2.9000250000000003,2.8083666666666667,2.72035,3.0437666666666665,1.9229000000000003,1.8521,2.7375000000000003,3.062533333333333,2.1281499999999998,2.527066666666667,2.875,3.141666666666667,1.7916666666666667,2.9125,3.2624999999999997,3.0604333333333336,3.01565,2.91565,3.0094,2.875,3.272933333333333,2.939075,3.0354000000000005,3.1125000000000003,3.0604333333333336,3.0469,3.1125,3.0343999999999998,2.6604,2.95,2.9250499999999997,3.0333666666666663,2.84065,2.6875,3.0500000000000003,2.425,3.21875,3.11565,2.8020666666666667,2.79375,3.0979000000000005,2.9219,2.9812666666666665,2.9093999999999998,3.3094,2.7812,3.2531499999999998,3.002133333333333,3.102066666666667,3.2145999999999995,3.0766,3.0979000000000005,3.2125,3.235466666666666,3.029166666666667,3.225,3.1374999999999997,2.843766666666667,0.8770666666666666,0.8708666666666667,2.8968749999999996,2.28595,2.914566666666667,2.852133333333333,2.7646,2.8854333333333333,2.35625,2.1625,2.4291666666666667,2.2604,1.7916999999999998,2.142175,2.2792,2.2624999999999997,2.035433333333333,2.32505,2.2708666666666666,2.5437666666666665,1.8896,2.3188,1.89065
8,2021-04-28,08:00:00,1.66255,1.745866666666667,2.7547250000000005,2.8708666666666667,3.1375000000000006,2.8396333333333335,2.9359499999999996,3.0396,3.070866666666667,2.7641,3.0479333333333334,3.2375499999999997,2.325,2.4333666666666667,2.1891,2.0219,1.6469,2.9812999999999996,2.3895666666666666,3.02815,3.09375,3.6844,2.7625,2.85315,0.0,2.868766666666667,2.347933333333333,2.234425,2.1083333333333334,1.8229333333333333,1.6469,3.3656,2.9500000000000006,3.1167000000000002,3.2729,3.0729333333333333,2.7937666666666665,2.6375,3.181266666666667,2.5125,2.49065,2.7937666666666665,2.0333666666666668,2.05,2.65315,2.529166666666667,3.1313,3.03125,2.8312666666666666,2.7541666666666664,2.9167,2.957825,2.6625333333333336,2.983333333333333,2.7375333333333334,2.5958666666666663,2.94065,2.934375,3.1583333333333337,3.1000333333333336,3.3437666666666668,2.8094,2.4979333333333336,4.259399999999999,2.818766666666667,2.9250000000000003,3.0094,2.657825,2.7874999999999996,2.9687666666666668,2.8344,2.7687333333333335,2.904166666666667,3.109375,2.7937666666666665,3.1604333333333336,2.460433333333333,2.7229000000000005,2.7896,3.1422,2.9896,2.8666666666666667,2.5604333333333336,3.01255,2.720866666666667,3.1437666666666666,2.8625333333333334,3.2021,3.4521,3.1271,3.02815,2.4,3.35005,3.3542,3.2291666666666665,2.8958333333333335,1.6063,1.7500333333333333,3.1281499999999998,3.139566666666667,2.8250333333333337,2.943766666666667,2.8812666666666664,3.2042,2.5188,2.70005,2.2062666666666666,2.5438,2.6167,2.56875,2.8875333333333337,3.29375,2.858333333333333,2.8562666666666665,2.36565,2.3396,2.4083666666666668,2.2375333333333334,2.5906000000000002
9,2021-04-28,08:15:00,1.77505,2.4667,3.1875,4.50625,4.120833333333334,5.1719,4.7687333333333335,4.0417,3.6344,4.610433333333333,4.54685,3.889566666666667,4.1688,2.4062,2.86565,3.0500000000000003,2.5469,3.65935,4.1875,3.4354666666666667,3.8104333333333336,2.2812,3.90315,3.4041999999999994,3.7421999999999995,4.410433333333334,4.1968499999999995,2.6750499999999997,2.61875,2.61565,2.57815,3.9219,4.5479666666666665,3.7938,4.7396,3.8844,4.3438,3.5354333333333336,4.2813,3.8083333333333336,3.4375,3.5843999999999996,2.63125,2.95315,3.4875,4.05315,3.8219,3.9896333333333325,3.84065,4.7687333333333335,4.691666666666666,4.3979333333333335,4.458333333333333,4.135433333333333,4.618766666666667,3.675,5.3625,4.258366666666666,4.6781,5.012499999999999,4.108333333333333,3.4813,3.943733333333333,3.937525,4.556233333333334,4.331300000000001,2.2625,5.09375,4.2396,4.7895666666666665,4.3646,3.7062500000000003,4.0792,0.0,4.3843499999999995,4.0188,4.875,4.223475,4.7729,3.95005,4.1062666666666665,4.25,4.3333,4.616699999999999,4.2937666666666665,4.77815,3.9375,3.5406500000000003,4.018766666666667,3.8437666666666668,4.9375,4.141666666666667,3.8791999999999995,4.725033333333333,4.825033333333334,3.8719,2.2542,2.4813,4.8875,4.618766666666667,4.056266666666667,3.845866666666667,4.4187666666666665,4.2146,3.79375,3.1984500000000002,3.8083333333333336,3.15,3.8646,3.2500000000000004,3.704166666666667,3.418725,3.3312666666666666,3.5208333333333335,2.86565,3.835433333333333,3.6083666666666665,3.470833333333333,3.58125
10,2021-04-28,08:30:00,2.20625,2.0656499999999998,3.3937666666666666,2.8791666666666664,2.783366666666667,2.3969,2.7719,2.65,3.7374666666666667,2.41565,2.3875,3.621875,2.375,3.474975,2.5021333333333335,2.29065,2.3250333333333333,3.500025,2.8896,2.7208666666666663,2.52815,3.3249999999999997,2.6750499999999997,2.875,2.4625,2.4968500000000002,3.491666666666667,2.718775,2.66875,2.5771,1.9188,2.74065,3.5625,3.3417,2.6375,2.50625,3.6875,2.4062,3.210433333333333,2.59065,2.7792,2.8479000000000005,2.4687666666666668,2.342175,2.40625,3.554166666666667,2.7938,2.50625,2.8562666666666665,4.228149999999999,2.633366666666667,2.6854333333333336,3.1062666666666665,3.5812666666666666,2.7792,2.6396,3.029166666666667,3.9896333333333334,3.1021,2.5021,3.6229333333333336,3.8125,2.5604333333333336,2.8625499999999997,3.8438,3.3521,2.6875,2.5771,3.0979333333333336,2.4594,2.90315,2.562533333333333,3.0167,3.3953249999999997,3.1188000000000002,2.3844,2.6354,2.68125,2.9021000000000003,2.6437666666666666,3.641666666666667,4.05625,3.7292,3.5500333333333334,3.2875333333333336,2.3719,3.1688,2.7562666666666664,3.4229,2.95,2.7187,2.6062666666666665,3.1792000000000002,3.6646,4.1219,3.275,2.5375333333333336,2.529166666666667,3.400033333333333,2.835433333333333,3.466666666666667,3.4916666666666667,2.8250333333333333,2.6844,2.3781499999999998,2.4521,2.29375,2.4667,2.5708333333333333,2.6062666666666665,2.5188,2.2875333333333336,2.4562666666666666,2.4291666666666667,2.935975,2.3625333333333334,2.6125000000000003,2.4562666666666666,3.0640500000000004
11,2021-04-28,08:45:00,4.5031,4.625,5.0625333333333336,5.002066666666667,5.7312666666666665,4.339566666666666,5.2292,5.6354,5.827100000000001,4.893775,4.771875,5.4125,5.454166666666667,5.9844,4.866666666666667,5.4906500000000005,5.0375,5.44065,6.095866666666666,5.0938,4.889599999999999,4.703125,4.895866666666667,5.2771,4.826575,4.948425,6.25315,3.575,5.097933333333334,4.837533333333334,4.872966666666667,5.627066666666667,5.3271,4.866666666666666,4.060433333333333,5.38755,4.475033333333333,4.645866666666667,5.0229333333333335,5.552066666666666,5.906233333333333,6.34685,4.2438,5.0906,5.2667,4.9271,6.0563,4.866666666666667,5.95315,5.254166666666666,5.9656,5.70315,5.610433333333333,5.6312,5.002066666666667,5.4313,4.337533333333333,6.0729,6.002033333333333,6.5875,6.5938,5.14065,3.789633333333333,5.083333333333333,4.9922,5.060925,4.7749999999999995,4.514633333333333,5.4770666666666665,5.09685,5.485399999999999,5.8396,5.83125,5.99685,5.3625,6.156233333333333,5.595833333333334,4.6875,5.756266666666666,5.3646,5.4875,5.860433333333333,5.728149999999999,5.375,5.058366666666667,5.741699999999999,4.933366666666666,5.5645999999999995,5.466633333333334,5.59375,5.997933333333333,5.6521,5.283366666666667,5.4062,4.81095,5.68125,4.273425,4.929166666666666,5.377100000000001,5.135433333333334,4.268766666666667,5.160433333333333,5.7562,4.518766666666667,4.512525,4.985433333333333,4.595833333333333,5.014633333333333,4.85,5.0531500000000005,4.009399999999999,4.768750000000001,4.825033333333334,5.0062999999999995,4.9604,4.825,4.71255,4.4875,4.2781
12,2021-04-28,09:00:00,2.61565,3.3708333333333336,3.1271,3.1625333333333336,3.2375000000000003,3.3271,3.1219,4.2312666666666665,2.4313,2.8719,2.4688,3.3354,3.5917,3.1750000000000003,2.8438,2.9187666666666665,2.125,2.7062999999999997,3.279166666666667,2.9,3.715625,3.627133333333333,3.625,2.908366666666667,4.05,3.6354333333333333,3.337533333333333,2.904166666666667,3.2396,2.7667,2.9479333333333333,3.0375333333333336,3.7291666666666665,3.6500500000000002,2.89065,4.271875,3.2937666666666665,3.578125,2.6625,2.8312666666666666,3.10005,3.775,3.05315,2.931266666666667,4.6,3.506266666666667,2.74065,2.5781,3.72035,2.9313000000000002,3.2479,3.8229333333333333,2.975,3.4791666666666665,3.1229333333333336,4.30625,3.6979333333333333,4.1021,3.0594,3.445866666666666,3.2687666666666666,3.2313,3.4125,3.4667,3.920833333333333,4.8,2.6313,3.9479,3.4375,4.0047,2.6188,2.954166666666667,3.25935,3.6062333333333334,3.3542,3.97185,2.67815,3.3719,3.4969,3.0812666666666666,3.3104333333333336,3.725,3.8968999999999996,2.8563,3.2062999999999997,2.952066666666667,3.2187666666666668,3.3719,3.868766666666667,3.6146333333333334,3.3604333333333334,3.4791666666666665,4.05625,4.2250000000000005,3.2125,3.5187666666666666,2.606266666666667,3.26565,3.5292,2.80625,3.368766666666667,3.2229333333333336,3.1125000000000003,3.1896,2.63125,2.6583666666666668,3.0688,2.7917,3.21405,2.8250333333333337,2.7563,2.39375,3.564633333333333,3.5771,2.8458333333333337,3.0146,2.625,2.8042000000000002,3.0500333333333334
13,2021-04-28,09:15:00,2.743766666666667,3.0792,3.3375,3.258366666666667,3.7969,3.5,4.8125,3.5041666666666664,3.7854333333333336,3.3344,3.306266666666667,3.82815,2.9499999999999997,3.3979,3.091666666666667,3.3438,2.9421999999999997,3.235925,3.95005,3.3969,3.4844,3.654200000000001,3.0422249999999997,3.6978999999999993,3.1000333333333336,3.4312333333333336,2.943775,2.90625,3.0672250000000005,2.710433333333333,2.633366666666667,4.3375,3.2770999999999995,3.5500000000000007,3.2828500000000003,3.1604333333333336,4.125,3.095866666666667,3.0656,2.964633333333333,3.1187750000000003,3.1291666666666664,2.725,2.5958666666666668,3.420833333333333,3.4958666666666667,3.20005,3.6062749999999997,3.9813,4.59065,3.556266666666667,3.110975,2.970866666666667,3.2312333333333334,3.733333333333333,3.45,3.1593999999999998,3.2479333333333336,3.7167,3.2896,3.7750000000000004,3.381266666666667,2.9791666666666665,3.59065,3.1125000000000003,3.3937666666666666,3.440625,3.975,3.225,3.81565,3.595866666666667,3.460433333333333,3.550033333333333,3.4333666666666667,4.0563,3.3041666666666667,3.417225,3.5594,3.3333666666666666,3.1125333333333334,3.38125,3.7812666666666668,3.1854,3.1625333333333336,3.88125,3.2541999999999995,3.8062666666666662,3.4416999999999995,3.4000000000000004,3.6062333333333334,3.3625,3.3625499999999997,2.39685,4.041666666666667,3.301575,3.2,3.41875,2.8000000000000003,3.581266666666666,2.86565,3.8521,2.7156000000000002,3.283333333333333,3.3687333333333336,3.157825,2.6229333333333336,3.5625,3.0437666666666665,3.27505,2.8640749999999997,2.9906500000000005,3.3313,3.227066666666667,2.1688,2.8042000000000002,3.0125333333333333,3.0,3.0125333333333337,2.8250333333333333
14,2021-04-28,09:30:00,3.3000000000000003,3.0666999999999995,3.141666666666667,2.9979333333333336,3.4270666666666667,2.945866666666667,3.1229333333333336,3.8297,3.2844,3.0020666666666664,3.5125,2.35005,3.1750333333333334,2.8375,3.414075,3.045325,2.566666666666667,3.6771,2.76255,3.3437333333333332,4.0813,2.7624999999999997,3.420833333333333,3.6625333333333336,3.4979333333333336,3.25,4.183333333333334,4.3719,3.6146333333333334,3.3781,2.4438,3.5604,3.9292000000000002,4.321899999999999,3.5,4.047899999999999,3.15,2.6063,2.5541666666666667,3.7896,3.3958666666666666,3.6833333333333336,3.8125,3.0396,2.5166666666666666,3.1,2.7062666666666666,3.585433333333333,2.5333333333333337,3.6969,3.431266666666667,3.975,2.82815,2.6666333333333334,3.837533333333333,3.35,2.78125,2.6375333333333333,2.827066666666667,4.26565,4.125,2.8521,3.9958666666666667,3.467175,4.2063,4.12815,2.5938,2.835433333333333,2.983333333333333,3.681266666666667,3.6729,3.3833333333333333,2.8438,2.8625,3.6062999999999996,2.4604666666666666,3.985433333333333,3.7406,3.4,3.3062666666666662,3.6979666666666664,3.8146,3.9437666666666664,2.9146,4.0042,3.5104666666666664,3.9416666666666664,2.7417,4.0271,2.9542,2.60625,2.57815,3.5521333333333334,3.7208333333333337,4.2042,2.8875,2.31095,3.210433333333333,3.9083333333333337,2.9875000000000003,2.6854333333333336,3.508366666666666,3.44065,2.8562666666666665,3.1375333333333333,3.15,2.187525,3.6291333333333333,2.4344,2.6094,3.0125,2.56875,2.418766666666667,3.6,2.4250499999999997,2.7531499999999998,3.15,3.1771333333333334,2.39685
15,2021-04-28,09:45:00,4.56565,6.0020999999999995,6.827099999999999,6.28905,4.93755,6.476575,6.790625,6.97815,6.3917,7.0031,5.853149999999999,6.9437,6.916666666666667,6.85935,4.8375,5.5438,6.770833333333333,6.1542,6.8375,6.091666666666666,6.608366666666666,6.4562333333333335,6.608366666666666,5.8104000000000005,7.0405999999999995,6.245833333333333,4.131266666666668,6.4958,4.4,5.653125,5.465624999999999,6.825,6.75,5.354166666666667,3.45,6.914633333333334,6.54685,6.708366666666667,7.045866666666666,6.770833333333333,7.079166666666667,4.343766666666666,5.883333333333333,5.841666666666666,6.654166666666666,4.6792,7.05,6.685433333333333,7.2124999999999995,4.025033333333333,7.175,7.120866666666667,5.822966666666666,5.445866666666666,5.875,6.602133333333334,7.031299999999999,4.985433333333334,7.116699999999999,5.743766666666667,5.379133333333333,4.7625,5.422933333333333,6.597866666666666,5.5733999999999995,6.9938,6.704166666666667,5.093733333333334,5.6062666666666665,5.631266666666666,5.6094,5.5271,4.568766666666667,6.6125,7.0979,5.916633333333333,7.1625499999999995,5.489633333333333,7.087533333333333,5.531266666666667,5.722933333333334,7.0292,6.3520666666666665,5.510433333333334,7.01255,6.643766666666667,5.514600000000001,5.833366666666667,7.0875,7.275,4.8438,5.714566666666667,0.0,5.974966666666667,6.78125,5.860949999999999,5.16875,5.316666666666666,6.662533333333333,6.225,6.1354,5.087533333333334,4.758333333333334,6.831266666666667,6.008300000000001,5.98125,5.65005,5.4812666666666665,5.75155,4.153125,4.828125,4.9375333333333336,6.1219,5.360399999999999,5.5000333333333336,6.11405,6.2771,5.98745,5.6917
16,2021-04-28,10:00:00,4.825,7.752066666666667,7.245833333333334,7.83755,5.277133333333333,7.2375,5.954166666666667,7.1625,6.691666666666667,5.865625,8.2188,5.2406250000000005,5.633366666666666,6.245866666666667,4.925025,6.014566666666667,4.44375,5.906266666666666,4.8797250000000005,3.9906499999999996,4.566666666666666,5.933366666666667,7.85625,6.8469,5.827099999999999,7.8125,2.3125,5.8688,6.0422,7.2729333333333335,5.53125,6.75,7.43435,5.20315,5.5812333333333335,7.4,5.64845,2.3875,6.4,7.020833333333333,5.0375,6.756266666666666,7.0031,7.3375,6.031266666666667,5.983333333333333,6.6645666666666665,5.756233333333334,6.1875,6.8145999999999995,6.875,7.2729,4.970833333333334,6.095833333333334,6.118766666666666,6.1687666666666665,6.329166666666666,7.3281,5.975033333333333,8.1313,4.693733333333333,7.935433333333333,5.935433333333333,5.3969000000000005,7.5229333333333335,7.8125,6.764600000000001,5.0594,6.406233333333333,6.7375333333333325,7.343766666666667,7.3625,7.5271,5.735433333333333,4.747933333333333,3.6719,5.175,6.2271,7.3625,2.8125,5.727133333333334,6.137549999999999,5.806233333333334,8.066666666666668,7.537533333333333,5.697933333333334,6.9531,5.65625,6.683366666666667,7.58125,6.620833333333334,5.7625,6.7625,4.743733333333333,5.829166666666667,8.03755,7.3374999999999995,5.943766666666666,5.472933333333334,6.014633333333333,5.259399999999999,6.306233333333334,5.9770666666666665,6.070866666666667,7.166666666666667,5.992175,5.6479333333333335,2.6813,7.4792,4.865600000000001,4.166666666666667,5.122933333333333,5.972933333333334,7.072966666666666,6.652066666666667,6.7562,3.7167,6.698449999999999,5.65
17,2021-04-28,10:15:00,6.931266666666667,4.17185,5.3969,5.756233333333333,5.791666666666667,4.837533333333334,7.779166666666666,5.43125,7.9688,5.860433333333333,5.47815,5.506266666666666,5.368766666666667,5.547933333333333,6.870833333333333,5.554166666666667,5.733333333333334,4.9979,7.9479,5.3542,5.421900000000001,3.297933333333333,7.354166666666667,5.4938,7.56875,5.158333333333334,5.2391,6.74375,7.9688,5.297933333333334,0.0,2.975,4.525033333333333,5.7375,2.8563,5.3047249999999995,7.9125,5.4313,5.49685,7.75,6.6891,5.779166666666666,4.620325,5.11875,5.3125,4.4375,5.65005,7.164633333333334,4.321899999999999,5.845833333333334,5.068766666666666,6.172933333333333,3.9271333333333334,6.577066666666667,5.702133333333333,5.514599999999999,7.983333333333334,3.3719,5.0625,6.8521,3.1219,5.2280999999999995,4.470866666666667,5.168775,5.804166666666667,4.975033333333333,5.747933333333333,5.968766666666666,4.2124999999999995,5.795866666666666,7.8688,5.883333333333333,5.321899999999999,6.493766666666666,7.25315,7.2396,6.760433333333334,3.1291666666666664,6.158366666666667,5.7438,5.8021,6.383366666666666,6.056233333333334,4.8781,6.308333333333333,5.654166666666666,6.589600000000001,6.946899999999999,4.297933333333334,7.460466666666666,5.7422,7.547933333333333,4.656266666666667,4.74375,7.708366666666666,5.9604333333333335,6.1688,7.4354000000000005,5.610433333333333,3.35,7.18435,3.41875,6.406266666666667,8.075033333333334,7.229166666666667,7.7250499999999995,5.5125,3.375,5.7313,5.495833333333334,6.3792,6.5667,5.550033333333334,6.558333333333334,6.8875,6.415650000000001,6.1874666666666664,6.791633333333333,6.8417
18,2021-04-28,10:30:00,6.291666666666667,6.2656,6.0563,6.51565,6.775,6.495324999999999,7.241699999999999,6.2270666666666665,7.070325,7.37185,8.0646,7.3219,8.2469,5.887466666666666,7.175,7.23745,6.975,6.8396,6.040649999999999,5.75315,6.4406,7.24685,7.1000499999999995,7.679166666666667,6.162533333333333,6.6062666666666665,6.495833333333334,7.0938,6.650033333333333,5.8917,5.9688,6.3656500000000005,6.28435,5.925033333333334,6.48755,6.7604,6.670833333333333,6.491699999999999,6.879166666666666,7.34065,6.906233333333333,6.75,6.3167,5.825,6.318733333333333,6.489566666666666,7.410433333333333,6.927099999999999,6.7729333333333335,7.1521,8.0063,5.708333333333333,6.931266666666667,6.9969,6.714566666666666,6.547899999999999,6.256233333333333,6.885433333333334,6.44065,5.9469,6.648425,7.1625499999999995,7.397933333333334,6.170833333333333,7.33125,7.995833333333333,5.793749999999999,6.689600000000001,6.11875,6.3999999999999995,7.0687750000000005,6.327066666666667,6.941666666666666,7.1479,6.385433333333334,6.310433333333333,6.47815,7.7542,6.175,6.922933333333333,6.1438,7.6270999999999995,7.31875,6.868766666666666,6.32815,5.864566666666666,7.037533333333333,6.808333333333334,7.6563,6.45,6.86875,6.9271,6.30935,7.287499999999999,6.433333333333334,7.24375,6.372933333333333,6.7,6.379166666666667,6.543749999999999,6.825033333333333,6.45,6.80005,6.175,6.002066666666667,5.768775,6.33125,6.24375,5.681233333333334,5.8875,6.718766666666667,6.066666666666666,6.425,6.393766666666667,6.727133333333334,6.612466666666667,5.9792,7.5125,6.641666666666667
19,2021-04-28,10:45:00,5.345866666666666,5.4688,7.56565,5.306266666666667,5.3104000000000005,6.7094000000000005,5.7312666666666665,5.4562333333333335,5.975,6.631266666666666,6.181233333333334,5.579166666666667,5.606249999999999,5.8374999999999995,4.7895666666666665,5.729166666666667,5.2270666666666665,5.4896,5.2797,6.4,5.45625,5.0958,5.417199999999999,6.743733333333334,5.15005,5.1281,6.264566666666667,5.0229,4.8979333333333335,7.202100000000001,5.6343499999999995,6.2313,5.485433333333333,5.9062,5.14065,6.508333333333333,5.6937999999999995,5.54375,5.14375,5.7188,5.2875,5.377066666666667,5.34375,6.35625,5.943766666666666,6.258333333333333,6.181266666666667,6.129166666666667,6.110433333333333,5.662533333333333,5.81095,5.975,5.6479333333333335,5.2656,5.6,6.625,6.368774999999999,5.1781,5.93435,5.370866666666667,5.449999999999999,5.704166666666667,5.233366666666666,6.1542,6.3844,6.276599999999999,6.135433333333334,5.093766666666666,6.595833333333334,5.233333333333333,5.679200000000001,6.70315,5.425033333333334,5.445799999999999,6.71875,6.7375,6.618766666666667,7.65,7.2167,7.2063,6.19065,5.814600000000001,5.5031,6.320833333333333,5.962466666666667,6.4094,6.5922,5.2406500000000005,6.0219000000000005,7.50005,5.557824999999999,5.57505,7.393766666666667,6.668749999999999,6.066666666666666,5.376575000000001,6.2781,6.1667,6.5,6.423475,5.4187,6.398425,5.981275,5.262499999999999,5.11875,5.8292,5.8671999999999995,4.8979333333333335,6.122933333333333,5.4750499999999995,6.512499999999999,7.366666666666667,5.1343499999999995,5.485433333333333,5.341633333333333,5.03435,5.885433333333334,5.6521,7.281233333333333
20,2021-04-28,11:00:00,5.12815,7.4938,6.5271,5.30625,6.322966666666666,5.785433333333334,5.8530999999999995,5.9041999999999994,5.339566666666667,5.787466666666667,5.30935,6.6594,6.675,6.0219000000000005,5.2729333333333335,6.829166666666667,5.09375,6.3500000000000005,5.414566666666666,6.206275,6.35315,5.65,5.431266666666667,6.0093499999999995,5.646875,6.60315,5.381266666666666,5.701575,5.2479000000000005,5.6594,5.002066666666667,5.6797,6.131233333333334,5.5078,5.9468499999999995,6.15,5.6146,5.332825,5.620833333333334,6.140599999999999,5.700033333333333,5.5292,5.8063,5.7688,5.485433333333333,6.381266666666666,6.1750333333333325,6.547900000000001,5.950033333333333,7.20625,5.825033333333334,6.52345,5.879166666666666,6.708333333333333,6.533366666666666,6.9,6.6312,5.764566666666667,7.9062,6.0125,6.120866666666667,5.8500000000000005,6.8521,5.8312333333333335,6.06095,5.762533333333333,5.7937666666666665,5.958366666666667,5.875,6.239566666666666,5.55,5.2375,6.037533333333333,6.60625,6.42495,5.6156500000000005,5.941666666666666,5.9297,5.345833333333334,5.759399999999999,5.570866666666667,6.243766666666667,5.5625,6.20005,5.6875,5.9646,5.699999999999999,6.4875,6.177066666666666,5.9062,6.279133333333334,5.4094,5.0687,5.8469,5.55,5.6125,5.3703,5.8969000000000005,5.3812999999999995,5.6125,6.345833333333334,4.975,5.48125,5.3094,5.493766666666666,6.3417,5.3906,6.2031,5.3500000000000005,5.50315,5.3396,5.918749999999999,5.58755,6.802066666666666,4.8438,5.414075,5.3,5.18435,5.6521
21,2021-04-28,11:15:00,3.875,3.9594,3.9854333333333334,3.9874999999999994,3.85,4.0781,3.9875000000000003,3.8395666666666664,3.9093999999999998,3.835433333333333,3.937466666666667,4.0875,3.9219,3.9437666666666664,3.7062333333333335,3.970325,3.79375,3.966666666666667,3.9688,3.758366666666667,4.004166666666666,3.85005,4.11245,3.966700000000001,3.77815,4.345325,3.8667000000000002,3.4895666666666667,3.6750499999999997,3.9083333333333337,3.625,3.8458333333333337,3.95,3.783366666666667,3.84065,4.3937333333333335,3.7000333333333337,3.8219,3.9187333333333334,3.9062333333333332,4.07815,3.868766666666667,3.945325,3.8843750000000004,3.6916999999999995,4.045833333333333,4.189566666666667,3.9104333333333336,3.7812,4.016666666666667,3.8791666666666664,3.8156499999999998,3.922933333333333,3.8875,4.55,3.8958666666666666,4.040649999999999,4.010433333333333,4.391666666666667,4.093733333333333,3.9703,4.216666666666666,3.866666666666667,4.120833333333334,3.8874999999999997,3.8458333333333337,3.845866666666667,3.9354333333333336,4.254166666666666,3.941666666666667,3.97815,3.825,4.03125,4.2547,4.156233333333333,4.25,4.243766666666667,3.9594,4.01255,3.941666666666667,3.9083333333333337,4.093766666666666,3.9937333333333336,4.031275,4.218733333333334,3.8468999999999998,4.1479333333333335,4.066633333333334,4.095833333333333,3.943733333333333,4.0979,3.902133333333333,3.8688000000000002,4.0718499999999995,4.333333333333333,4.175,3.8000333333333334,3.8166999999999995,4.0125,3.9708333333333337,3.900033333333333,4.183333333333333,3.860433333333333,3.98755,3.8562666666666665,3.8250000000000006,3.733333333333333,3.9,3.96565,4.234375,3.8937666666666666,3.88755,4.232825,4.0000333333333336,3.8625000000000003,4.01875,4.1,4.010975,3.8874999999999997
22,2021-04-28,11:30:00,3.450025,3.5229,3.720866666666667,3.63595,3.4062666666666668,3.875,3.6854333333333336,3.5312333333333332,3.80315,3.9438,3.835466666666667,3.7687500000000003,3.75,3.56875,3.5104,4.1469,3.4292,3.6062,3.5416666666666665,3.5812500000000003,3.7166999999999994,3.5875,3.6146,3.5437666666666665,3.7687666666666666,4.2812,3.522933333333333,3.295833333333333,3.6000333333333336,3.5188,3.4104333333333336,3.4093999999999998,3.3438,3.533366666666667,3.73755,3.98125,3.45,3.789075,3.875,3.7625,3.8563,3.7916666666666665,3.5438,3.4594,3.5458666666666665,3.9625,3.6229333333333336,3.6374999999999997,3.29375,3.8125,3.5750333333333337,3.6104,3.718766666666667,3.5604,3.5771333333333337,3.5375,3.977066666666666,3.5500333333333334,4.34375,3.5021,3.3438,3.9396000000000004,3.6656500000000003,3.710433333333333,3.681266666666667,3.9250000000000003,3.6895666666666664,3.7145999999999995,3.7188000000000003,4.106249999999999,3.9969,3.8250333333333337,3.5187666666666666,3.825,3.74375,3.7187333333333332,3.7437666666666662,3.5875250000000003,3.4187666666666665,3.695866666666667,3.602066666666667,3.5187999999999997,3.7406499999999996,3.1875,3.6375000000000006,3.585433333333333,3.681266666666667,3.8479666666666663,3.375,3.664633333333333,3.4188,3.6062666666666665,3.3344,4.625,3.5750333333333333,3.6453499999999996,3.3521,4.1343499999999995,3.522933333333333,3.5396,3.383366666666667,3.8375,3.73125,3.6219,3.475,3.5594,3.5792,3.7083333333333335,3.4969,3.66875,3.408366666666667,3.7219,3.3,3.6062666666666665,3.3104333333333336,3.6604000000000005,4.0563,3.477133333333333,3.86565
23,2021-04-28,11:45:00,3.4083666666666663,3.6604000000000005,3.5771333333333337,3.74065,3.51255,3.6672000000000002,3.7531499999999998,3.6750000000000003,3.695325,3.5104333333333333,3.5313,3.7708,3.8417,4.725,3.525,3.4703250000000003,3.2218999999999998,3.9312333333333336,3.7145666666666664,3.6812333333333336,3.45,3.5645666666666664,3.87345,3.6562,3.591666666666667,3.9125333333333336,3.2,3.7938,3.5375,3.5594,3.1229666666666667,3.8125,3.735466666666666,3.639566666666667,3.4875000000000003,3.7562666666666664,3.4521333333333337,3.9594,3.642225,3.87815,3.4500333333333337,3.8229333333333333,3.483333333333333,3.2229333333333336,3.3875333333333337,3.79375,4.1521,4.381266666666667,3.6344,3.76565,3.5781,4.1249666666666664,3.8208333333333333,3.6750000000000003,3.6417,3.8396000000000003,3.75,3.5833666666666666,3.8968999999999996,3.77815,3.6146,4.3594,3.9479333333333333,3.695866666666667,3.6437,3.6469,3.6146,3.55315,3.735433333333333,4.1875,3.545325,3.8937500000000003,3.7042,3.3937666666666666,3.5792,3.554166666666667,3.6219,3.71565,3.3875,4.033333333333333,3.7812333333333332,3.6916666666666664,3.6646,3.6812333333333336,3.641666666666667,3.6396,3.6063,3.7917,4.485433333333333,3.8063,3.81875,3.5021,3.6041666666666665,3.860433333333333,4.0563,3.8271,3.73125,3.891666666666667,3.9124999999999996,4.0344,3.5396,3.69375,4.066666666666667,4.0396,3.5125,3.625,3.6812333333333336,4.0521,3.8354666666666666,3.4771,3.7583333333333333,3.954675,3.8719,3.827066666666667,4.0375,4.156266666666666,3.7604,3.6229333333333336,4.03125
24,2021-04-28,12:00:00,3.937466666666667,4.170833333333333,4.018750000000001,4.4469,4.634399999999999,4.725,4.614566666666667,4.2875,4.277066666666666,4.6646,4.7562,4.36255,4.2229,4.99375,4.072933333333333,4.14375,4.366666666666666,4.7250000000000005,4.949999999999999,4.1813,4.558333333333334,4.43125,4.54375,4.333366666666667,5.04685,4.6781500000000005,4.5625333333333336,4.574999999999999,4.052099999999999,4.4750000000000005,4.206250000000001,4.329166666666667,4.5031,4.509399999999999,4.34845,4.4188,4.3218499999999995,4.448475,4.385433333333334,4.845833333333334,4.63595,4.491633333333334,3.9958333333333336,4.4625,4.6042,4.831266666666667,4.54375,4.337466666666667,4.665649999999999,5.206266666666667,4.95,4.5,4.9594000000000005,4.345833333333333,4.441666666666666,4.51875,4.608333333333333,4.329166666666667,4.485433333333334,4.30625,4.4770666666666665,5.85,4.48435,4.906266666666666,4.7354666666666665,4.3646,4.3094,4.810925,4.406299999999999,4.325,4.45315,4.470833333333333,4.906266666666666,4.7375,4.452066666666666,4.3188,4.433333333333334,4.985433333333333,4.468733333333334,4.6021,4.8937,4.290649999999999,4.3,4.791633333333333,4.6406,4.1375,4.3542,4.79685,4.6875,4.406266666666667,4.612533333333333,4.489566666666667,4.509399999999999,4.366633333333334,4.7729333333333335,4.7,4.9719,4.243766666666667,4.456266666666666,4.491700000000001,4.1583,4.202100000000001,5.46565,4.20625,4.751575,4.739566666666666,5.321899999999999,4.125,4.412533333333333,4.827100000000001,4.941666666666666,4.231249999999999,4.331266666666667,4.3562666666666665,4.206266666666667,4.9250333333333325,4.5,4.325,4.1000000000000005
25,2021-04-28,12:15:00,3.3094,3.5187999999999997,3.4406499999999998,3.61565,3.715625,3.32505,3.6156,3.5312,3.4854333333333334,3.7094000000000005,3.7667,3.6374999999999997,3.55315,3.56875,3.4333666666666667,3.7094,4.160466666666667,3.32505,3.460433333333333,3.920833333333333,3.7146000000000003,3.724966666666667,3.6063,3.55315,3.766666666666667,3.545833333333333,3.633366666666667,3.2875333333333336,3.42815,3.506275,3.1979,3.7813,3.8271,3.5219,3.6219,3.670325,3.4875333333333334,3.64065,3.4979,3.6125000000000003,3.63755,4.3906,3.3875,3.3020666666666667,3.38755,3.70315,3.7771000000000003,3.38125,3.4625,3.7541999999999995,3.5041999999999995,3.5354333333333336,3.69375,3.664633333333333,3.647933333333333,3.5854666666666666,4.618766666666667,3.595833333333333,4.568766666666666,3.33435,4.412533333333333,4.8719,3.6604333333333336,3.7479333333333336,3.6687666666666665,3.631266666666667,3.6896,3.5500000000000003,3.4875499999999997,3.7875333333333336,3.7271,3.35,3.6417,3.6021,3.5875,3.38125,3.63125,3.7375000000000003,3.7937666666666665,3.36875,3.70625,3.5708333333333333,3.66875,3.7406,3.9854333333333334,4.552099999999999,3.7812666666666668,3.8042,3.7271,3.6484500000000004,3.577066666666667,3.6687666666666665,5.4844,3.841666666666667,3.7062333333333335,3.60625,3.4969,3.5,3.5437666666666665,3.4667,3.38125,3.5438,4.2791999999999994,3.6437666666666666,3.6291666666666664,3.508366666666667,3.5208666666666666,4.514566666666667,3.3958333333333335,3.5875,3.4708666666666663,3.5500499999999997,3.7520666666666664,3.6750000000000003,3.4188,3.556266666666667,3.6906499999999998,3.4187666666666665,3.6583666666666663
26,2021-04-28,12:30:00,2.0833666666666666,2.2797,2.3125,2.1844,2.2875,2.3594,2.3719,1.9844,2.0938,2.45935,2.600033333333333,2.4312500000000004,2.2625,2.3812666666666664,2.0708333333333333,2.15315,2.0833666666666666,2.2625,2.3906,2.15,2.3375333333333335,2.5500499999999997,2.3390750000000002,2.285433333333333,2.3521,2.23125,2.4520666666666666,2.2625,2.26875,2.070866666666667,2.1188,2.0417,2.3604333333333334,2.13125,2.4562666666666666,2.231266666666667,2.3468999999999998,2.4583666666666666,2.4406499999999998,2.075,2.345325,2.467225,2.4875499999999997,2.0062666666666664,2.2021,2.23435,2.2313,2.1771,2.26255,2.4396333333333335,2.2187666666666668,2.122933333333333,2.51565,2.3687666666666667,2.3015499999999998,2.1844,2.31405,2.1844,2.3896,2.1937333333333338,2.3771,2.5312666666666668,2.2771000000000003,2.3812666666666664,2.3291999999999997,2.3333666666666666,2.0844,2.2458666666666667,2.4667,2.3937666666666666,2.5083333333333333,2.2021,2.3874999999999997,2.2646333333333333,2.475,2.2187666666666668,2.3312666666666666,2.46565,2.468775,2.1844,2.4875,2.3437666666666668,2.2250333333333336,2.4979333333333336,2.3625333333333334,2.1771,2.522933333333333,2.4125333333333336,2.3062666666666667,2.23125,2.40625,2.00625,2.3729666666666667,2.539633333333333,2.2625333333333333,2.389075,2.3375,2.2083666666666666,2.02815,2.3041666666666667,2.1416999999999997,2.3104,2.27185,2.3521,2.2375000000000003,2.062533333333333,2.2094,2.2125333333333335,2.28755,2.125,2.2625,2.4729,2.4406499999999998,2.210433333333333,2.2672,2.3229333333333333,2.670833333333333,2.2313,2.341666666666667
27,2021-04-28,12:45:00,1.8125,1.9208333333333332,1.9062666666666666,2.073475,1.9187666666666667,1.995325,1.9531,1.8541666666666667,1.93125,2.065625,2.0063,2.0167,2.020325,2.0458333333333334,1.8344,1.9354333333333333,1.7938,2.004166666666667,1.90625,1.8188,2.1437999999999997,1.9583333333333333,1.9125,1.9625,1.9979333333333333,1.90625,1.9646000000000001,1.7521333333333333,1.8854333333333333,1.9188,1.7104333333333335,1.8094000000000001,1.95315,1.93285,2.035433333333333,2.0520666666666667,1.9062,1.95315,2.13125,2.0656499999999998,2.0541666666666667,1.9656500000000001,1.8297,1.7156500000000001,1.95005,1.9896,2.09065,2.0219,1.88755,2.1125333333333334,2.0646,2.0187666666666666,2.04375,1.9188,1.9813,1.9666666666666668,2.1094,1.96875,2.164566666666667,1.8792,1.96875,2.0271000000000003,1.9458333333333335,2.1125000000000003,2.0896333333333335,1.91565,2.0343999999999998,1.9166666666666667,2.1021,2.087533333333333,2.008366666666667,2.0333666666666668,2.0312,1.9979666666666667,1.9156,1.9396000000000002,1.9344000000000001,2.04375,1.9854333333333332,2.0646333333333335,2.0124999999999997,1.9156499999999999,1.9937666666666667,1.9021000000000001,2.0396,1.8625,2.0812666666666666,2.016666666666667,2.0812666666666666,2.01565,2.065625,1.9833666666666667,1.9166666666666667,2.0145666666666666,2.1437666666666666,1.9219,1.8854333333333333,1.9292,1.9708666666666668,1.9937500000000001,1.9042000000000001,2.0671999999999997,1.9828250000000003,2.0375,2.035433333333333,2.075,2.0145666666666666,2.0021,1.9375,1.94375,2.014075,1.935975,2.1479,2.10005,1.9188,2.008366666666667,2.04065,1.9479333333333333,1.9270666666666667
28,2021-04-28,13:00:00,2.325,2.4271,2.3833333333333333,2.45,2.3958666666666666,2.4396,2.39375,2.3458333333333337,2.4125,2.4896,2.4354333333333336,2.41875,2.45,2.5146,2.3563,2.3708333333333336,2.3396333333333335,2.4844,2.4406499999999998,2.32815,2.5145666666666666,2.4541999999999997,2.4156250000000004,2.475,2.3521,2.4083666666666668,2.4093999999999998,2.2812666666666668,2.35625,2.39375,2.21875,2.3500333333333336,2.4833333333333334,2.4312666666666667,2.3854,2.508366666666667,2.3729333333333336,2.3969,2.4688,2.48435,2.4146,2.475,2.3156499999999998,2.2729333333333335,2.3094,2.4875000000000003,2.575,2.3916999999999997,2.375,2.4844,2.46565,2.4062,2.4708666666666663,2.3854,2.4937666666666667,2.42185,2.5333333333333337,2.418766666666667,2.5333666666666668,2.3521,2.4708666666666663,2.52815,2.3708666666666667,2.4625,2.4281,2.4313,2.3854,2.3937666666666666,2.4250499999999997,2.3854,2.4250000000000003,2.4281,2.5031499999999998,2.45,2.3875,2.4229,2.4291666666666667,2.414566666666667,2.4688,2.4594,2.3729666666666667,2.4375,2.4979666666666667,2.3563,2.525,2.3500333333333336,2.5124999999999997,2.4875,2.4875333333333334,2.5021,2.527066666666667,2.3874999999999997,2.3937333333333335,2.4833333333333334,2.4875,2.470325,2.33435,2.3625000000000003,2.4146,2.47815,2.3625333333333334,2.5,2.42815,2.525,2.5187666666666666,2.3874999999999997,2.40625,2.4312333333333336,2.4594,2.50005,2.4813,2.3875333333333333,2.5541666666666667,2.5021,2.3437666666666668,2.5021,2.5500333333333334,2.4188,2.4250000000000003
29,2021-04-28,13:15:00,2.2218999999999998,2.325,2.277133333333333,2.3479,2.3562666666666665,2.35,2.3666666666666667,2.2479333333333336,2.3229333333333333,2.3896,2.34065,2.3041666666666667,2.3562999999999996,2.3979333333333335,2.2833666666666663,2.325,2.2469,2.3093500000000002,2.3703250000000002,2.2094,2.4312666666666667,2.3562999999999996,2.2854,2.3521,2.2344,2.4093999999999998,2.32655,2.1583333333333337,2.285433333333333,2.3604333333333334,2.13125,2.30315,2.4062666666666668,2.3094,2.33125,2.375,2.31875,2.356275,2.407825,2.3396000000000003,2.27815,2.4438,2.216666666666667,2.1750000000000003,2.2187333333333332,2.3771333333333335,2.422966666666667,2.3666666666666667,2.2729000000000004,2.3625333333333334,2.4229333333333334,2.308333333333333,2.3969,2.3292,2.34065,2.3312333333333335,2.4291666666666667,2.3583333333333334,2.5021,2.21565,2.4354,2.4208333333333334,2.325,2.414633333333333,2.35,2.407825,2.3333,2.3344,2.3896,2.3104,2.3625249999999998,2.3333333333333335,2.3719,2.41875,2.3229,2.325,2.2812,2.3125,2.375,2.41255,2.32815,2.3437333333333332,2.3937666666666666,2.2271,2.45005,2.2375333333333334,2.4422,2.3895666666666666,2.4375,2.34065,2.44375,2.2833333333333337,2.3104333333333336,2.412533333333333,2.335433333333333,2.375,2.27815,2.3104333333333336,2.3375,2.402133333333333,2.2719,2.30315,2.3166666666666664,2.418766666666667,2.40315,2.2687666666666666,2.335433333333333,2.3437333333333332,2.3312666666666666,2.3396,2.3125,2.24065,2.4229333333333334,2.3833333333333333,2.2479333333333336,2.4021,2.4594,2.3396000000000003,2.29375
30,2021-04-28,13:30:00,2.41875,2.54065,2.5687666666666664,2.570866666666667,2.570866666666667,2.66875,2.6500333333333335,2.55315,2.6125333333333334,2.6896,2.6063,2.6333333333333333,2.5438,2.7271,2.5729333333333333,2.6021,0.0,2.70935,2.5313,2.5667,2.7021333333333337,2.6354,2.6188,2.6021,2.4833666666666665,2.6104333333333334,2.600033333333333,2.4646000000000003,2.5542000000000002,2.568766666666667,2.3687333333333336,2.5906000000000002,2.6667,2.595833333333333,2.4958666666666667,2.6708666666666665,2.500033333333333,2.6083666666666665,2.64375,2.6500333333333335,2.5718750000000004,2.5812999999999997,2.5187999999999997,2.4833666666666665,2.48435,2.63755,2.7271,2.6021,2.4969,2.625,2.6395666666666666,2.5375,2.57505,2.5500000000000003,2.6437666666666666,2.6563,2.7281500000000003,2.6,2.7104666666666666,2.5479333333333334,2.6396,2.7312666666666665,2.5771,2.6958333333333333,2.564075,2.641666666666667,2.5312,2.4688,2.716666666666667,2.6906499999999998,2.6906499999999998,2.5854333333333335,2.6479666666666666,2.6083333333333334,2.5541666666666667,2.56875,2.5937666666666668,2.625025,2.6479333333333335,2.6166666666666667,2.460433333333333,2.6021,2.6406,2.5333333333333337,2.64065,2.466666666666667,2.7094,2.7083333333333335,2.6854333333333336,2.6750000000000003,2.67185,2.5854333333333335,2.5292,2.7083666666666666,2.681266666666667,2.6187750000000003,2.546875,2.5333666666666663,2.595833333333333,2.6541333333333337,2.529166666666667,2.6146,2.5593500000000002,2.6625,2.6500250000000003,2.56875,2.5219,2.5375,2.582825,2.6646,2.5656749999999997,2.5172,2.716666666666667,2.6583666666666663,2.4718999999999998,2.6458666666666666,2.7479333333333336,2.6125000000000003,2.6041333333333334
31,2021-04-28,13:45:00,2.940625,2.84375,2.9354666666666667,3.19375,4.214566666666666,2.897933333333333,2.8188,3.2313,3.4416999999999995,3.1166666666666667,2.982825,3.1062666666666665,2.8,3.29685,3.0771,2.7625,3.1396,3.1437666666666666,4.306233333333334,3.0208666666666666,3.4813,2.8937666666666666,2.7625,2.8719,2.7625,3.1708,2.7531499999999998,2.5219,2.7531499999999998,3.189633333333333,2.950025,3.1979333333333333,2.88125,2.7875,3.3312666666666666,3.28125,2.73435,3.1125000000000003,3.0016,3.327066666666667,3.0792,3.0167,2.6969,3.1094,2.6583333333333337,3.30625,3.25625,3.4292000000000002,2.9146,3.2000333333333333,3.4875000000000003,3.012525,3.2083666666666666,3.127133333333333,3.1437666666666666,3.3344,3.725,3.1021,3.5875,3.0187666666666666,2.9,3.4438,3.212533333333333,3.4688,2.7031,3.2688,3.0958666666666663,2.950025,3.193766666666667,3.1979,3.0479333333333334,3.108333333333333,2.9729000000000005,2.6375,3.400033333333333,2.9125,2.65315,3.8021,3.42815,2.8479000000000005,2.85785,2.929166666666667,3.195866666666666,3.0187666666666666,3.5593999999999997,2.8188,2.9854000000000003,3.0312333333333332,2.96565,3.6187749999999994,2.8094,3.1437333333333335,2.7667,3.0,3.241633333333333,3.160433333333333,3.1125333333333334,3.6396,3.1625,2.7563,2.7854333333333336,2.63125,2.984375,3.1229333333333336,3.235466666666667,3.2765750000000002,3.154166666666667,3.032825,3.1813000000000002,2.8625,3.2541999999999995,2.9479333333333333,3.2229666666666668,2.9562666666666666,2.710433333333333,2.76255,3.3292,3.0666999999999995,2.9292000000000002
32,2021-04-28,14:00:00,7.2438,7.0604000000000005,7.066666666666666,6.979166666666667,6.3313,6.918749999999999,6.275,5.9969,7.004166666666666,7.3281,6.733366666666666,7.168749999999999,5.2875,6.222933333333334,6.84375,6.8979333333333335,6.808366666666667,6.672933333333333,6.96875,7.1645666666666665,6.918749999999999,6.908333333333334,6.322933333333334,6.27345,6.384399999999999,6.6021,5.6922,7.107825,6.841633333333333,7.2375,7.274966666666667,7.2938,6.4437,7.3021,7.5625,3.7313,5.8125333333333336,7.0281,6.91875,6.9395999999999995,6.824999999999999,5.4563,6.866633333333333,6.7719000000000005,6.683333333333334,7.068733333333334,6.9906500000000005,7.293749999999999,7.0625,5.3281,7.3999999999999995,4.56875,5.6063,6.112533333333334,6.0249999999999995,7.2604,6.222933333333334,6.222933333333333,7.64375,7.1719,5.28595,5.175033333333333,6.054200000000001,7.2896,6.820833333333333,5.2094,6.11875,6.191666666666666,4.889600000000001,5.1250333333333336,7.420833333333334,7.137499999999999,6.55,6.6125,6.497933333333333,5.9375,6.1292,6.1438,6.5,6.845866666666666,5.03125,7.056266666666666,7.502066666666667,5.885433333333334,6.76875,6.816666666666666,6.2917,5.6646,6.631266666666666,6.86875,7.20315,6.76875,6.2104333333333335,7.327100000000001,6.0229333333333335,5.633333333333333,5.422899999999999,5.8031500000000005,6.870833333333334,6.518766666666667,5.268800000000001,6.279166666666666,6.290649999999999,6.8687,6.72815,7.8375,4.65315,7.2104,6.725033333333333,7.7520999999999995,5.566666666666666,5.5,5.2146,6.510433333333332,5.953149999999999,5.9395999999999995,6.029166666666668,7.47185,6.095833333333334
33,2021-04-28,14:15:00,2.9937333333333336,2.733366666666667,2.2812666666666668,0.0,3.0375,2.8521,2.3969,2.9292,2.85,2.883366666666667,3.029166666666667,2.6,2.55,3.022933333333333,2.8374666666666664,2.7890750000000004,2.3344,3.1229333333333336,2.8187500000000005,2.5656499999999998,3.3021,2.1469,2.475,3.029166666666667,2.653175,2.9896,2.5968999999999998,2.3125,2.8625,2.90625,2.4333666666666667,2.2875,3.0437666666666665,3.0406250000000004,3.4520999999999997,3.01255,2.6166666666666667,3.6,3.4292000000000002,2.4875333333333334,2.5104333333333333,2.95005,2.6828250000000002,2.3375000000000004,2.470833333333333,3.16875,2.95315,2.8281,2.504166666666667,2.9312333333333336,3.1,1.9563,2.4979333333333336,3.0083333333333333,3.210433333333333,2.2458666666666667,3.9813,2.710433333333333,3.5208666666666666,2.90315,2.8813,2.7396,3.377133333333333,2.649966666666667,2.477066666666667,2.8437333333333332,3.2406499999999996,2.8417,2.8021,2.70935,2.6,2.8188,2.7417,2.5854333333333335,2.6167000000000002,2.6999999999999997,2.9125,1.9688,2.77815,2.6666666666666665,2.80315,2.3896,2.88125,2.6896,2.4958666666666667,2.5583666666666667,3.5937666666666668,2.9271000000000007,2.50625,2.9333333333333336,2.8667000000000002,2.06875,3.2396,2.8562666666666665,2.5458333333333334,2.2792,2.7625000000000006,2.9562666666666666,2.6958333333333333,3.1375333333333337,2.727066666666667,3.2416666666666667,2.679725,2.9969,2.8422,3.21405,3.3875,2.6187333333333336,2.6375,2.91255,3.2229333333333336,3.170833333333333,3.10005,3.610466666666667,2.5968999999999998,2.9125333333333336,3.7125,2.7375,2.6458333333333335
34,2021-04-28,14:30:00,2.5166999999999997,2.6396333333333333,2.6281499999999998,2.4594,2.5646,2.7125,2.6041666666666665,2.4937333333333336,2.6354,2.660433333333333,2.675,2.525,2.503125,2.7094,2.4563,2.54685,2.4625,2.6583666666666668,2.67815,2.6125499999999997,2.670833333333333,2.49065,2.54375,2.6563,2.5343999999999998,2.6188,2.460433333333333,2.3531250000000004,2.4937666666666667,2.6875,2.4813,2.418766666666667,2.662533333333333,2.5458333333333334,2.6875,2.6172,2.5292,2.5828249999999997,2.5437666666666665,2.5604,2.56875,2.733333333333333,2.6875,2.3875,2.5937,2.6406,2.77505,2.5749999999999997,2.5542000000000002,2.7313,2.7417,2.50625,2.4687,2.5208333333333335,2.6375333333333333,2.6208666666666667,2.5531,2.5896000000000003,2.4688,2.4667,2.543766666666667,2.7843999999999998,2.547966666666667,2.69375,2.543766666666667,2.61565,2.6083333333333334,2.5729666666666664,2.595833333333333,2.6021,2.8563,2.601575,2.647933333333333,2.5833333333333335,2.6750499999999997,2.6,2.5812666666666666,2.5500000000000003,2.5416333333333334,2.527133333333333,2.4718999999999998,2.6187666666666667,2.98435,2.4375,2.82505,2.3656,2.7521,2.7188,2.6844,2.6666666666666665,2.8104333333333336,2.5750333333333333,2.5770666666666666,2.6187333333333336,2.74065,2.5166666666666666,2.375,2.51875,2.66255,2.7292,2.4479,2.5583666666666667,2.6625,2.6479666666666666,2.60315,2.5854000000000004,2.8166666666666664,2.7333666666666665,2.6749666666666667,2.67035,2.5937,2.575,2.8041666666666667,2.7417,2.72505,2.875,2.86095,2.568766666666667,2.7156000000000002
35,2021-04-28,14:45:00,1.8083666666666665,1.9188,1.9271333333333331,1.9219,1.7593999999999999,2.0844,1.9000333333333332,2.016666666666667,1.825033333333333,2.0719000000000003,2.056275,1.8687666666666667,1.968766666666667,2.0562666666666667,1.9104333333333334,2.0333666666666668,1.8562666666666667,1.9250333333333332,2.2021,1.9583666666666668,2.0,1.9166999999999998,2.1562666666666668,1.9979333333333333,1.9500250000000001,1.84375,1.8354666666666668,1.8968500000000001,1.925025,1.8563,1.8047,1.7500499999999999,1.8844,1.9062999999999999,1.98595,1.9937333333333334,1.8354333333333333,2.0125,1.9583333333333333,0.0,2.04065,1.9958333333333336,2.0875333333333335,1.9812500000000002,1.8979333333333335,1.8063,2.0458666666666665,2.0104333333333337,1.9562666666666668,2.0312666666666668,1.8781,1.9021000000000001,2.0,1.9854000000000003,2.00155,1.86875,2.193766666666667,1.86565,2.03755,1.8042,2.0042,2.0833333333333335,2.0083666666666664,2.2687666666666666,1.8729333333333333,1.71255,1.9312666666666667,1.9500333333333335,1.8688,1.8833666666666666,2.2729333333333335,1.94375,1.9625000000000001,2.00625,1.8937666666666668,1.9187500000000002,2.0375,2.0500000000000003,1.9969000000000001,2.4813,2.2313,1.9354333333333333,2.0875,1.8375333333333332,2.13125,1.9042000000000001,2.0625,1.91565,1.8094000000000001,2.0500333333333334,2.1031500000000003,1.92815,2.0104,2.0583666666666667,2.23125,1.9604,1.8229333333333333,1.8729333333333333,1.9041666666666668,2.10625,1.9042000000000001,2.09375,2.1354,1.9479,2.0208333333333335,1.9000000000000001,2.06875,2.0187666666666666,2.2167,2.0562666666666667,2.0833666666666666,1.906266666666667,2.1271,2.0125,2.0854333333333335,2.09375,2.2468500000000002,1.9313,2.1937333333333333
36,2021-04-28,15:00:00,1.8833333333333335,1.9041666666666668,2.0812333333333335,2.860433333333333,2.625,2.939075,2.033333333333333,1.7156500000000001,2.9875,2.4771,2.9687333333333332,1.9521,2.8969,2.3854,2.5083333333333333,2.2687666666666666,2.05315,1.9104333333333334,1.83125,1.9854333333333332,5.35,2.0125,2.2313,1.9521,2.1791666666666667,2.095833333333333,0.0,2.5271,1.9093999999999998,2.0063,3.1125,1.8687666666666667,2.06255,1.9062666666666666,2.2469,2.2771,2.1979333333333333,1.9624999999999997,2.0542000000000002,1.7375,2.2562666666666664,2.4021,2.7853999999999997,2.57505,2.6021,1.9468999999999999,2.1469,2.466666666666667,2.585433333333333,2.904166666666667,2.3000333333333334,2.5812999999999997,1.9328249999999998,2.4729666666666668,2.5125,1.9812666666666665,2.98125,2.5958666666666663,2.2187666666666668,2.3937666666666666,3.327066666666667,2.0417,2.41875,2.82815,2.097933333333333,1.9719,1.9416666666666664,1.7812,1.9937500000000001,3.1937666666666664,2.3604333333333334,2.3271,2.7646,2.0125333333333333,1.9333333333333336,2.0687666666666664,2.9062333333333332,3.0833333333333335,2.5812666666666666,2.0562666666666667,2.3833333333333333,2.03755,2.6396,1.7812,1.9890750000000001,1.8478999999999999,2.04375,2.466666666666667,2.004166666666667,2.433333333333333,2.8094,2.4250000000000003,2.298475,2.3020666666666667,2.0729333333333333,2.4937666666666667,2.518733333333333,3.0375,2.56875,2.2604333333333333,2.1271,2.4521,2.40315,1.9520666666666668,2.0437666666666665,2.5604,2.0541666666666667,2.035433333333333,1.8771000000000002,2.07815,2.57815,2.000033333333333,2.11565,1.9937666666666667,2.71875,2.0667,2.1146,2.7125500000000002,2.125
37,2021-04-28,15:15:00,1.33755,1.5594000000000001,1.45,1.5979333333333334,1.5583333333333336,1.5062999999999998,1.575,1.6219000000000001,1.6166666666666665,1.6625,1.6031499999999999,1.5906500000000001,1.5844,1.5906500000000001,1.58435,1.5875333333333332,1.5333666666666668,1.5979333333333334,1.7542,1.4396333333333333,1.7156500000000001,1.5000499999999999,1.598475,1.5042,1.3729666666666667,1.4770666666666665,1.5281500000000001,1.479725,1.5015999999999998,1.4146,1.39065,1.4594,1.6104666666666667,1.5719,1.4979333333333333,1.5416666666666667,1.56875,1.55625,1.6688,1.6500249999999999,1.4333666666666665,1.5438,1.4312666666666667,1.462525,1.4958666666666665,1.5625333333333333,1.7104666666666668,1.55625,1.5187666666666668,1.6291666666666664,1.5521333333333331,1.60315,1.5396,1.5625,1.6875499999999999,1.5594000000000001,1.6771,1.4979333333333333,1.7500499999999999,1.5281500000000001,1.5625333333333333,1.6479333333333333,1.64375,1.4844,1.56875,1.6187666666666667,1.6229333333333333,1.6047000000000002,1.637533333333333,1.5750000000000002,1.6458666666666666,1.5187666666666668,1.5645999999999998,1.4750333333333334,1.4979333333333333,1.5354333333333334,1.3813,1.6166666666666665,1.4875,1.5458666666666667,1.4541666666666666,1.6890999999999998,1.74375,1.6166999999999998,1.6146,1.4000000000000001,1.6666666666666667,1.6021,1.5833666666666666,1.6094,1.4938,1.4979333333333333,1.4687999999999999,1.6771,1.7688,1.4594,1.4312666666666667,1.58755,1.60315,1.62345,1.5094,1.5687666666666669,1.725,1.6021,1.4896,1.4594,1.5292000000000001,1.4344000000000001,1.626575,1.662525,1.598425,1.8188,1.6708333333333334,1.6333666666666666,1.5547,1.5083333333333335,1.7854333333333334,1.575033333333333,1.5896000000000001
38,2021-04-28,15:30:00,1.1333666666666666,1.2291666666666667,1.1229333333333333,1.1979333333333333,1.125,1.2,1.2,1.1375333333333333,1.1833666666666665,1.20005,1.1875,1.2438,1.2521000000000002,1.3146000000000002,1.22345,1.1000333333333332,1.1719,1.2594,1.2354333333333334,1.0875333333333332,1.3187333333333333,1.2312666666666667,1.1438,1.2396,1.0719,1.23125,1.14065,1.058366666666667,1.1354333333333333,1.1687500000000002,1.0343499999999999,1.0958666666666665,1.2000333333333335,1.181275,1.16255,1.2437666666666667,1.1833333333333333,1.2219,1.2895999999999999,1.2312666666666665,1.1531500000000001,1.2984499999999999,1.11875,1.05,1.1604,1.2542,1.2792,1.2083666666666666,1.1094,1.2417,1.2187999999999999,1.225025,1.2166666666666668,1.1854333333333333,1.26255,1.19065,1.25935,1.2145666666666666,1.2833333333333332,1.173475,1.2062666666666668,1.3063,1.1500000000000001,1.1656499999999999,1.1979666666666666,1.1875,1.1219000000000001,1.20935,1.2333666666666667,1.1562,1.3,1.1531500000000001,1.2333333333333334,1.13755,1.1458666666666666,1.17815,1.1979,1.1771,1.2313,1.20005,1.125,1.1479333333333333,1.2593999999999999,1.1021333333333334,1.25935,1.1188,1.2688000000000001,1.2583666666666666,1.2313,1.2083666666666668,1.2271333333333334,1.1375,1.1172,1.2396,1.2271333333333334,1.2156500000000001,1.0979333333333334,1.1166999999999998,1.1458666666666668,1.2344,1.1333666666666666,1.2354333333333332,1.2187666666666666,1.2688000000000001,1.2219,1.21095,1.1979666666666666,1.1833333333333333,1.2000333333333335,1.2666666666666668,1.1437666666666668,1.1521000000000001,1.34375,1.2187666666666666,1.16565,1.2646,1.3041666666666665,1.1687500000000002,1.1437666666666668
39,2021-04-28,15:45:00,1.025025,1.1875,1.1354333333333333,1.1771,1.1656499999999999,1.20315,1.1875333333333333,1.0969,1.1708333333333334,1.164075,1.1979333333333333,1.1396333333333333,1.15625,1.2229333333333334,1.1063,1.1104333333333334,1.1,1.2063,1.201575,1.0791666666666666,1.1958666666666666,1.2406,1.175,1.1688,1.1583333333333332,1.1708666666666667,1.13125,1.1343999999999999,1.0958666666666665,1.17035,1.075,1.0604333333333333,1.20005,1.125,1.1563,1.2333666666666667,1.0969,1.1333333333333335,1.21095,1.1844000000000001,1.1687750000000001,1.1875,1.1021,1.0812666666666668,1.1624999999999999,1.1687666666666667,1.2562666666666666,1.1645666666666667,1.123475,1.2021,1.2,1.1458666666666668,1.2354333333333332,1.1375333333333335,1.22815,1.13755,1.2583666666666666,1.2458,1.3042,1.0813,1.2208333333333332,1.3125333333333333,1.1354333333333333,1.2021,1.1583666666666668,1.17815,1.1146,1.150025,1.2,1.2375,1.16405,1.1656,1.2042,1.1937666666666666,1.1219000000000001,1.1750333333333334,1.1396,1.1313,1.170325,1.1646,1.1375,1.14685,1.2,1.1853999999999998,1.3104333333333333,1.0833666666666666,1.2125333333333332,1.2083666666666668,1.18125,1.2021333333333333,1.2125,1.1,1.1020666666666665,1.2583333333333333,1.2083666666666666,1.1781,1.0687333333333333,1.10315,1.23435,1.18595,1.1125333333333334,1.1854666666666667,1.1979,1.223475,1.2021,1.1531500000000001,1.1531500000000001,1.19375,1.1604666666666665,1.1979666666666666,1.1646,1.0958666666666665,1.2208666666666668,1.2625333333333335,1.075025,1.2604333333333333,1.2979333333333334,1.162525,1.1166999999999998
40,2021-04-28,16:00:00,0.9156500000000001,1.02505,0.9719,1.1938,0.9875,1.1375,1.042175,1.0729333333333333,1.0437500000000002,1.1344,1.2562333333333333,1.0291666666666668,1.0562749999999999,1.1146,1.26565,0.9729333333333333,1.0093999999999999,1.0603999999999998,1.0219,0.96565,1.125,1.079725,1.025,1.06875,0.9458333333333333,1.1271,1.1031499999999999,0.9312750000000001,0.9875,0.9708666666666668,0.94065,0.8625,1.0708666666666666,1.0229333333333333,1.0833666666666668,1.3333333333333333,1.0333333333333332,0.9781500000000001,1.0646000000000002,1.054675,1.0093999999999999,1.0875333333333335,1.1791666666666665,0.9604666666666667,0.9896333333333334,1.0625,1.1672,0.975,1.0125333333333335,1.025,1.14065,1.0917000000000001,1.1646,1.0646000000000002,1.0875,1.2542,1.12815,1.0770666666666668,1.1125333333333334,0.9916999999999999,1.1020999999999999,1.2563,0.975,1.2188,1.1438,1.1208333333333333,1.0687666666666666,1.05625,1.2521000000000002,1.2,1.0093999999999999,0.9843999999999999,1.075,1.0291666666666666,1.2313,1.0188,1.0625,1.2417,1.0479333333333332,1.0833666666666668,0.9625,1.6625,1.0771,1.0291666666666668,1.0937666666666666,1.0093999999999999,1.1646333333333334,1.137533333333333,1.32815,1.0833000000000002,1.2729333333333333,1.0416999999999998,1.0312,1.1521333333333332,1.0563,1.0541666666666665,1.3625,0.99375,1.1625333333333334,1.0708333333333335,1.0146,1.0521,1.0354333333333334,1.1229333333333333,1.1646,1.079725,1.084375,1.0333666666666668,1.1020999999999999,1.0813,1.1094,1.1396,1.1531500000000001,1.1063,1.1521,1.0792,1.1854666666666667,1.1896333333333333,1.01565
41,2021-04-28,16:15:00,1.1041666666666667,1.1041666666666667,1.0521,0.94065,0.854725,0.9,1.12815,0.8771,0.8479333333333333,0.8672,0.9812666666666668,1.0979333333333334,1.0312666666666666,1.1354333333333335,1.0281500000000001,0.9229333333333333,1.0187666666666668,1.1896333333333333,1.0791333333333333,1.0875,0.8833666666666667,0.90315,0.0,1.006275,0.9458666666666667,1.0063,0.8563000000000001,0.8000000000000002,0.7906500000000001,1.1563,1.0646000000000002,0.9708666666666668,0.8625,1.2125,0.9219,1.1187666666666667,1.01565,0.725,1.22505,1.008333333333333,1.1969,0.85,0.9437666666666668,0.9843999999999999,0.9479666666666667,1.0396,0.94065,1.1938,0.9146333333333333,1.19065,1.0146,0.9750333333333333,1.0875333333333332,0.9375500000000001,0.8583666666666666,0.9979333333333332,1.1229333333333333,1.20315,1.0999999999999999,1.2,1.2646,0.8969,1.0083666666666666,0.9874999999999999,1.0271000000000001,0.995325,0.9562666666666667,1.0062666666666666,1.0813,1.2104333333333333,0.9042,0.9750333333333333,1.2458333333333333,0.9875,0.9671749999999999,0.7708333333333334,0.8125333333333334,1.065625,1.0958666666666665,1.0708666666666666,0.9094,0.8937666666666667,0.9375333333333332,0.8063,1.2041666666666666,0.8375333333333334,0.9479333333333333,0.9062666666666667,0.95315,0.9937666666666667,1.125,0.7469,0.745325,0.8833666666666667,0.9624999999999999,0.6708333333333334,0.7521,1.0104666666666666,0.8000333333333334,0.8625,1.325,0.86565,1.0844,0.9687666666666667,1.2646,1.00005,0.8625499999999999,0.9719,0.9094,1.4292,0.86565,0.9854333333333333,1.4437666666666666,0.8875000000000001,1.1812666666666667,1.2969,0.9781,1.2719,1.0750333333333335
42,2021-04-28,16:30:00,0.9541666666666667,0.9562666666666667,1.1344,1.1979666666666666,1.1104333333333332,1.14535,1.117225,0.9458333333333334,1.0854333333333333,1.1375333333333335,1.1375333333333335,1.2250333333333334,1.0542,1.1104666666666667,1.1271,1.1312666666666666,1.14375,1.3406500000000001,1.1094,1.0093999999999999,1.1797,1.0417,1.1666666666666667,1.1291666666666667,1.2438,1.2000333333333333,1.067225,1.27185,1.22815,1.34375,1.29685,1.0542,1.2500333333333333,1.34375,1.1344,1.2813,1.33435,1.0156749999999999,1.1729333333333332,1.0979666666666668,1.0594000000000001,1.1313,1.2625,1.0479333333333334,1.07815,0.9187666666666666,1.2750333333333335,1.1458666666666666,1.35005,1.0416666666666667,1.0333666666666668,1.3125,1.1250333333333333,0.9813000000000001,1.3667,1.39065,1.3021,1.075,1.14685,1.1146,1.3250333333333335,1.3458666666666665,1.0604333333333333,1.3125,1.2688,1.0844,1.1542,1.0146,1.2312666666666667,1.1479333333333333,1.3375,1.35,0.9854333333333334,1.2094,1.1645999999999999,0.9125333333333333,1.2063000000000001,0.8813,1.1896000000000002,0.9969000000000001,1.0500333333333334,1.1542000000000001,1.3406500000000001,1.0500333333333334,1.2604333333333333,0.9375,1.15,1.1396,1.2479333333333333,1.2625,1.4656500000000001,1.2396,0.81565,1.2541666666666667,1.1063,0.7771333333333335,0.675,1.0896,1.2625333333333335,0.8979333333333334,0.8083666666666667,1.1062666666666667,1.25,1.46875,1.4094,1.2671999999999999,1.0594,1.2875,1.4271,1.66875,1.68125,1.6656499999999999,1.3396,1.4687999999999999,1.6375,1.4395999999999998,1.37815,1.326575,1.5021000000000002
43,2021-04-28,16:45:00,0.3646,0.5406500000000001,0.4750000000000001,0.5146333333333334,0.5291666666666667,0.48123333333333335,0.46046666666666664,0.43543333333333334,0.6583333333333333,0.55,0.7812,0.8,0.57185,0.50005,0.4687666666666666,0.4375333333333334,0.44166666666666665,0.7145666666666667,0.6625,0.25,0.4958666666666667,0.6604333333333333,0.5833333333333334,0.5,0.48595,0.5875,0.575,0.3771,0.49369999999999997,0.5594,0.46719999999999995,0.44375,0.6042,0.514075,0.5468500000000001,0.66875,0.4542,0.4771,0.6344000000000001,0.5500333333333334,0.75,0.5229333333333334,0.6104333333333334,0.23435,0.5021,0.4375,0.6145999999999999,0.4833333333333334,0.7844,0.65,0.5271,0.6021000000000001,0.5292,0.5979666666666666,0.49583333333333335,0.5583666666666667,0.6031500000000001,0.5499999999999999,0.975,0.4062666666666666,0.5499666666666666,0.7521,0.55,0.68755,0.8563000000000001,0.48755000000000004,0.4458333333333333,0.525,0.5313,0.5812999999999999,0.55625,0.6479333333333334,0.5708333333333334,0.61405,0.3854333333333333,0.4688,0.3188,0.48750000000000004,0.64375,0.51875,0.5708666666666667,0.5687666666666668,0.6604333333333333,0.49375,0.5687666666666668,0.5042000000000001,0.6979666666666667,0.5666666666666668,0.5041666666666667,0.6416666666666667,0.6187750000000001,0.31043333333333334,0.2219,0.5687500000000001,0.40419999999999995,0.34169999999999995,0.24793333333333334,0.5271,0.5458333333333334,0.37916666666666665,0.29996666666666666,0.3406,0.6937666666666665,0.63125,0.7781499999999999,0.6229333333333333,1.125,0.8672249999999999,0.90005,0.6687666666666666,0.4625,0.7937749999999999,0.8041666666666667,0.8281499999999999,0.7041666666666666,0.75315,0.55,0.6646,0.6780999999999999
44,2021-04-28,17:00:00,0.11876666666666667,0.2333333333333333,0.1938,0.20623333333333335,0.17083333333333336,0.17815,0.17185,0.104675,0.1562,0.23124999999999998,0.24065,0.21043333333333333,0.2438,0.2729,0.1875,0.14375,0.17815,0.24793333333333334,0.22499999999999998,0.13435,0.24793333333333334,0.21666666666666667,0.19219999999999998,0.2094,0.1646,0.1969,0.2313,0.13333333333333333,0.19065,0.2219,0.1375,0.0844,0.2646,0.15833333333333335,0.1922,0.2375333333333333,0.1719,0.19169999999999998,0.2438,0.225,0.25005,0.27706666666666663,0.1844,0.14376666666666668,0.225,0.2063,0.3125,0.15315,0.1771,0.25,0.23753333333333335,0.20833333333333334,0.24580000000000002,0.19166666666666665,0.24163333333333334,0.19376666666666664,0.3062333333333333,0.20626666666666668,0.3297,0.15416666666666667,0.2396,0.2916666666666667,0.1469,0.278125,0.1792,0.2344,0.19169999999999998,0.2188,0.2687333333333333,0.19376666666666667,0.15,0.19375,0.22083333333333333,0.2083,0.16876666666666665,0.19376666666666664,0.17503333333333335,0.20836666666666667,0.21046666666666666,0.21253333333333332,0.1625,0.17500000000000002,0.24583333333333335,0.12293333333333334,0.26663333333333333,0.10003333333333335,0.25,0.2438,0.20420000000000002,0.21876666666666666,0.2625,0.14376666666666665,0.13956666666666667,0.2833666666666667,0.21875,0.1791666666666667,0.13125,0.18543333333333334,0.19793333333333332,0.22293333333333334,0.1667,0.2020666666666667,0.2344,0.239075,0.2625,0.16873333333333332,0.203125,0.1854,0.20470000000000002,0.23543333333333336,0.2,0.1708333333333333,0.26043333333333335,0.246875,0.14376666666666668,0.2313,0.296875,0.20833333333333334,0.20420000000000002
45,2021-04-28,17:15:00,0.020833333333333332,0.1531,0.09376666666666666,0.10833333333333332,0.0813,0.075,0.0969,0.0125,0.10003333333333335,0.1,0.15626666666666666,0.0896,0.13336666666666666,0.2188,0.11666666666666665,0.06876666666666666,0.10625000000000001,0.1469,0.06255000000000001,0.034999999999999996,0.11564999999999999,0.12293333333333334,0.08755,0.12706666666666666,0.075,0.044799999999999986,0.11043333333333333,0.05,0.09999999999999999,0.1094,0.035399999999999994,0.0094,0.1375333333333333,0.06875,0.09065000000000001,0.1292,0.06565,0.1,0.1146,0.12916666666666668,0.11043333333333333,0.1625,0.0771,0.075,0.07998000000000001,0.06876666666666666,0.22505,0.043766666666666655,0.0813,0.14689999999999998,0.11043333333333333,0.11669999999999998,0.13336666666666666,0.0938,0.15,0.0813,0.22185,0.05834999999999999,0.17086666666666664,0.06565,0.10210000000000001,0.16253333333333334,0.06875,0.1625,0.1,0.1063,0.0771,0.07086666666666666,0.15625,0.0646,0.09999999999999999,0.07086666666666666,0.1125,0.1,0.0469,0.06565,0.0719,0.0625,0.06877499999999999,0.12190000000000001,0.08336666666666666,0.0771,0.12815,0.0156,0.16043333333333334,0.012499999999999999,0.14793333333333333,0.13959999999999997,0.08543333333333335,0.11873333333333334,0.14532499999999998,0.0188,0.034999999999999996,0.1250166666666667,0.11876666666666667,0.1063,0.07916666666666668,0.06876666666666666,0.10210000000000001,0.1,0.040625,0.07815,0.070325,0.125,0.11405,0.06565,0.05,0.05315,0.09065000000000001,0.1406,0.0771,0.06043333333333334,0.1375,0.11875,0.025,0.06666666666666667,0.1146,0.0813,0.07083333333333333
46,2021-04-28,17:30:00,0.0,0.0,0.0,0.0,0.0,0.011890000000000001,0.0188,0.0,0.0,0.0,0.0,0.0,0.0,0.0,0.0,0.0,0.0,0.0,0.0375,0.0,0.08009374999999999,0.0,0.0,0.0,0.0,0.0,0.0,0.0,0.0,0.0,0.0,0.0,0.0,0.0,0.0,0.0,0.0,0.0,0.0,0.0,0.0,0.0,0.0,0.0,0.04000666666666666,0.0195375,0.0,0.0023904761904761907,0.0,0.0,0.0,0.0,0.0,0.0,0.0,0.0,0.0,0.016666666666666666,0.0,0.0,0.0188,0.0,0.0,0.0,0.0,0.0,0.0,0.0,0.0,0.0,0.0,0.0,0.0625,0.0,0.0,0.0,0.0,0.0,0.026575,0.0,0.0,0.0,0.0375,0.0,0.0,0.0,0.0,0.05939166666666667,0.0,0.0188,0.0,0.0,0.0,0.11068235294117648,0.031233333333333335,0.0,0.0,0.0,0.0,0.0,0.0,0.0,0.0,0.05,0.03347142857142856,0.0,0.0,0.0,0.0,0.0,0.0,0.0,0.0,0.0,0.0,0.02170588235294118,0.06041666666666667,0.0,0.0
47,2021-04-28,17:45:00,0.0,0.0,0.0,0.0,0.0,0.0,0.0,0.0,0.0,0.0,0.0,0.0,0.0,0.0,0.0,0.0,0.0,0.0,0.0,0.0,0.0,0.0,0.0,0.0,0.0,0.0,0.0,0.0,0.0,0.0,0.0,0.0,0.0,0.0,0.0,0.0,0.0,0.0,0.0,0.0,0.0,0.0,0.0,0.0,0.0,0.0,0.0,0.0,0.0,0.0,0.0,0.0,0.0,0.0,0.0,0.0,0.0,0.0,0.0,0.0,0.0,0.0,0.0,0.0,0.0,0.0,0.0,0.0,0.0,0.0,0.0,0.0,0.0,0.0,0.0,0.0,0.0,0.0,0.0,0.0,0.0,0.0,0.0,0.0,0.0,0.0,0.0,0.0,0.0,0.0,0.0,0.0,0.0,0.0,0.0,0.0,0.0,0.0,0.0,0.0,0.0,0.0,0.0,0.0,0.0,0.0,0.0,0.0,0.0,0.0,0.0,0.0,0.0,0.0,0.0,0.0,0.0,0.0,0.0
48,2021-04-28,18:00:00,0.0,0.0,0.0,0.0,0.0,0.0,0.0,0.0,0.0,0.0,0.0,0.0,0.0,0.0,0.0,0.0,0.0,0.0,0.0,0.0,0.0,0.0,0.0,0.0,0.0,0.0,0.0,0.0,0.0,0.0,0.0,0.0,0.0,0.0,0.0,0.0,0.0,0.0,0.0,0.0,0.0,0.0,0.0,0.0,0.0,0.0,0.0,0.0,0.0,0.0,0.0,0.0,0.0,0.0,0.0,0.0,0.0,0.0,0.0,0.0,0.0,0.0,0.0,0.0,0.0,0.0,0.0,0.0,0.0,0.0,0.0,0.0,0.0,0.0,0.0,0.0,0.0,0.0,0.0,0.0,0.0,0.0,0.0,0.0,0.0,0.0,0.0,0.0,0.0,0.0,0.0,0.0,0.0,0.0,0.0,0.0,0.0,0.0,0.0,0.0,0.0,0.0,0.0,0.0,0.0,0.0,0.0,0.0,0.0,0.0,0.0,0.0,0.0,0.0,0.0,0.0,0.0,0.0,0.0
49,2021-04-28,18:15:00,0.0,0.0,0.0,0.0,0.0,0.0,0.0,0.0,0.0,0.0,0.0,0.0,0.0,0.0,0.0,0.0,0.0,0.0,0.0,0.0,0.0,0.0,0.0,0.0,0.0,0.0,0.0,0.0,0.0,0.0,0.0,0.0,0.0,0.0,0.0,0.0,0.0,0.0,0.0,0.0,0.0,0.0,0.0,0.0,0.0,0.0,0.0,0.0,0.0,0.0,0.0,0.0,0.0,0.0,0.0,0.0,0.0,0.0,0.0,0.0,0.0,0.0,0.0,0.0,0.0,0.0,0.0,0.0,0.0,0.0,0.0,0.0,0.0,0.0,0.0,0.0,0.0,0.0,0.0,0.0,0.0,0.0,0.0,0.0,0.0,0.0,0.0,0.0,0.0,0.0,0.0,0.0,0.0,0.0,0.0,0.0,0.0,0.0,0.0,0.0,0.0,0.0,0.0,0.0,0.0,0.0,0.0,0.0,0.0,0.0,0.0,0.0,0.0,0.0,0.0,0.0,0.0,0.0,0.0
50,2021-04-28,18:30:00,0.0,0.0,0.0,0.0,0.0,0.0,0.0,0.0,0.0,0.0,0.0,0.0,0.0,0.0,0.0,0.0,0.0,0.0,0.0,0.0,0.0,0.0,0.0,0.0,0.0,0.0,0.0,0.0,0.0,0.0,0.0,0.0,0.0,0.0,0.0,0.0,0.0,0.0,0.0,0.0,0.0,0.0,0.0,0.0,0.0,0.0,0.0,0.0,0.0,0.0,0.0,0.0,0.0,0.0,0.0,0.0,0.0,0.0,0.0,0.0,0.0,0.0,0.0,0.0,0.0,0.0,0.0,0.0,0.0,0.0,0.0,0.0,0.0,0.0,0.0,0.0,0.0,0.0,0.0,0.0,0.0,0.0,0.0,0.0,0.0,0.0,0.0,0.0,0.0,0.0,0.0,0.0,0.0,0.0,0.0,0.0,0.0,0.0,0.0,0.0,0.0,0.0,0.0,0.0,0.0,0.0,0.0,0.0,0.0,0.0,0.0,0.0,0.0,0.0,0.0,0.0,0.0,0.0,0.0
51,2021-04-28,18:45:00,0.0,0.0,0.0,0.0,0.0,0.0,0.0,0.0,0.0,0.0,0.0,0.0,0.0,0.0,0.0,0.0,0.0,0.0,0.0,0.0,0.0,0.0,0.0,0.0,0.0,0.0,0.0,0.0,0.0,0.0,0.0,0.0,0.0,0.0,0.0,0.0,0.0,0.0,0.0,0.0,0.0,0.0,0.0,0.0,0.0,0.0,0.0,0.0,0.0,0.0,0.0,0.0,0.0,0.0,0.0,0.0,0.0,0.0,0.0,0.0,0.0,0.0,0.0,0.0,0.0,0.0,0.0,0.0,0.0,0.0,0.0,0.0,0.0,0.0,0.0,0.0,0.0,0.0,0.0,0.0,0.0,0.0,0.0,0.0,0.0,0.0,0.0,0.0,0.0,0.0,0.0,0.0,0.0,0.0,0.0,0.0,0.0,0.0,0.0,0.0,0.0,0.0,0.0,0.0,0.0,0.0,0.0,0.0,0.0,0.0,0.0,0.0,0.0,0.0,0.0,0.0,0.0,0.0,0.0
52,2021-04-28,19:00:00,0.0,0.0,0.0,0.0,0.0,0.0,0.0,0.0,0.0,0.0,0.0,0.0,0.0,0.0,0.0,0.0,0.0,0.0,0.0,0.0,0.0,0.0,0.0,0.0,0.0,0.0,0.0,0.0,0.0,0.0,0.0,0.0,0.0,0.0,0.0,0.0,0.0,0.0,0.0,0.0,0.0,0.0,0.0,0.0,0.0,0.0,0.0,0.0,0.0,0.0,0.0,0.0,0.0,0.0,0.0,0.0,0.0,0.0,0.0,0.0,0.0,0.0,0.0,0.0,0.0,0.0,0.0,0.0,0.0,0.0,0.0,0.0,0.0,0.0,0.0,0.0,0.0,0.0,0.0,0.0,0.0,0.0,0.0,0.0,0.0,0.0,0.0,0.0,0.0,0.0,0.0,0.0,0.0,0.0,0.0,0.0,0.0,0.0,0.0,0.0,0.0,0.0,0.0,0.0,0.0,0.0,0.0,0.0,0.0,0.0,0.0,0.0,0.0,0.0,0.0,0.0,0.0,0.0,0.0
53,2021-04-28,19:15:00,0.0,0.0,0.0,0.0,0.0,0.0,0.0,0.0,0.0,0.0,0.0,0.0,0.0,0.0,0.0,0.0,0.0,0.0,0.0,0.0,0.0,0.0,0.0,0.0,0.0,0.0,0.0,0.0,0.0,0.0,0.0,0.0,0.0,0.0,0.0,0.0,0.0,0.0,0.0,0.0,0.0,0.0,0.0,0.0,0.0,0.0,0.0,0.0,0.0,0.0,0.0,0.0,0.0,0.0,0.0,0.0,0.0,0.0,0.0,0.0,0.0,0.0,0.0,0.0,0.0,0.0,0.0,0.0,0.0,0.0,0.0,0.0,0.0,0.0,0.0,0.0,0.0,0.0,0.0,0.0,0.0,0.0,0.0,0.0,0.0,0.0,0.0,0.0,0.0,0.0,0.0,0.0,0.0,0.0,0.0,0.0,0.0,0.0,0.0,0.0,0.0,0.0,0.0,0.0,0.0,0.0,0.0,0.0,0.0,0.0,0.0,0.0,0.0,0.0,0.0,0.0,0.0,0.0,0.0
54,2021-04-28,19:30:00,0.0,0.0,0.0,0.0,0.0,0.0,0.0,0.0,0.0,0.0,0.0,0.0,0.0,0.0,0.0,0.0,0.0,0.0,0.0,0.0,0.0,0.0,0.0,0.0,0.0,0.0,0.0,0.0,0.0,0.0,0.0,0.0,0.0,0.0,0.0,0.0,0.0,0.0,0.0,0.0,0.0,0.0,0.0,0.0,0.0,0.0,0.0,0.0,0.0,0.0,0.0,0.0,0.0,0.0,0.0,0.0,0.0,0.0,0.0,0.0,0.0,0.0,0.0,0.0,0.0,0.0,0.0,0.0,0.0,0.0,0.0,0.0,0.0,0.0,0.0,0.0,0.0,0.0,0.0,0.0,0.0,0.0,0.0,0.0,0.0,0.0,0.0,0.0,0.0,0.0,0.0,0.0,0.0,0.0,0.0,0.0,0.0,0.0,0.0,0.0,0.0,0.0,0.0,0.0,0.0,0.0,0.0,0.0,0.0,0.0,0.0,0.0,0.0,0.0,0.0,0.0,0.0,0.0,0.0
55,2021-04-28,19:45:00,0.0,0.0,0.0,0.0,0.0,0.0,0.0,0.0,0.0,0.0,0.0,0.0,0.0,0.0,0.0,0.0,0.0,0.0,0.0,0.0,0.0,0.0,0.0,0.0,0.0,0.0,0.0,0.0,0.0,0.0,0.0,0.0,0.0,0.0,0.0,0.0,0.0,0.0,0.0,0.0,0.0,0.0,0.0,0.0,0.0,0.0,0.0,0.0,0.0,0.0,0.0,0.0,0.0,0.0,0.0,0.0,0.0,0.0,0.0,0.0,0.0,0.0,0.0,0.0,0.0,0.0,0.0,0.0,0.0,0.0,0.0,0.0,0.0,0.0,0.0,0.0,0.0,0.0,0.0,0.0,0.0,0.0,0.0,0.0,0.0,0.0,0.0,0.0,0.0,0.0,0.0,0.0,0.0,0.0,0.0,0.0,0.0,0.0,0.0,0.0,0.0,0.0,0.0,0.0,0.0,0.0,0.0,0.0,0.0,0.0,0.0,0.0,0.0,0.0,0.0,0.0,0.0,0.0,0.0
